GID_2,id,province,district,ln_y1990,ln_y1991,ln_y1992,ln_y1993,ln_y1994,ln_y1995,ln_y1996,ln_y1997,ln_y1998,ln_y1999,ln_y2000,ln_y2001,ln_y2002,ln_y2003,ln_y2004,ln_y2005,ln_y2006,ln_y2007,ln_y2008,ln_y2009,ln_y2010,ln_y2011,ln_y2012,ln_y2013,ln_y2014,ln_y2015,ln_y2016,ln_y2017,ln_y2018,ln_y2019,ln_y2020,ln_y2021,ln_y2022
KHM.1.1_2,1,BântéayMéanchey,Malai,6.5161929,6.5666723,6.4785094,6.933423,6.4377518,6.4754329,6.5191474,6.5467854,6.555357,6.7627296,6.8426833,6.8511848,6.865891,6.9206715,7.2181768,7.3613753,7.4241652,7.4696541,7.4627891,7.4781699,7.4736371,7.662468,7.6975756,7.7927618,7.8789129,7.9585767,8.0439844,7.9323621,7.8969245,7.9459095,7.8781552,7.8739786,7.9280457
KHM.1.2_2,2,BântéayMéanchey,MongkolBorei,6.9800758,7.0085053,7.2019162,7.6372342,7.1884127,7.2370591,7.266129,7.2562971,7.2710085,7.420579,7.488853,7.5283318,7.5704432,7.6338534,7.700748,7.6444407,7.7204618,7.809947,7.9444923,7.9469714,7.9127893,7.8438487,7.893199,7.9969902,8.1095257,8.3471165,8.3209352,8.2195959,8.3820601,8.3062248,8.1892443,8.1113281,8.2453842
KHM.1.3_2,3,BântéayMéanchey,OuChrov,7.5490828,7.5791678,7.6024013,8.0362501,7.58883,7.6652846,7.698936,7.4922032,7.7406645,7.7956467,7.877018,7.8819375,7.9222612,7.9703951,8.0465498,8.1092253,8.1931238,8.0368967,8.0100279,8.0006847,8.0557928,8.103797,8.148735,8.1945057,8.2794437,8.3337507,8.2995348,8.5065365,8.5893278,8.6894646,8.648572,8.3918571,8.4416075
KHM.1.4_2,4,BântéayMéanchey,PaoyPaet,7.3018222,7.3072023,7.3105502,7.7454357,7.0308576,6.944087,6.9754138,6.9527287,6.9431224,7.009409,7.070724,7.2399325,7.3024964,7.3244901,7.3858509,7.4529824,7.5989003,7.9284062,7.894691,8.1842346,8.1758289,8.2985392,8.3430777,8.3829756,8.4400959,8.4658995,8.5893278,8.6614666,8.6975126,8.7557373,8.6770983,8.8016195,8.8540936
KHM.1.5_2,5,BântéayMéanchey,PhnumSrok,6.4645882,6.4952655,6.5176711,7.0228682,6.505784,6.5638556,6.6039438,6.5957804,6.5957804,6.7707896,6.8824377,6.9402223,6.9874902,6.9975958,7.0884089,7.2093401,7.3802557,7.4448333,7.4042792,7.4175806,7.4277387,7.41998,7.4730692,7.5175209,7.6133251,7.6638775,7.7625961,7.786552,7.9024873,8.0576944,8.0033627,8.1573706,8.1455498
KHM.1.6_2,6,BântéayMéanchey,PreahNetrPreah,6.5875502,6.616065,6.652863,7.091742,6.6385679,6.617403,6.7569323,6.6920838,6.7093043,6.7007313,6.72263,6.7522702,6.8844867,7.0085053,7.0509896,7.1808314,7.1959372,7.2717037,7.303843,7.2254815,7.2341771,7.3889461,7.6501689,7.6362696,7.7363071,7.7828074,7.818028,7.8965526,7.9922686,8.0471897,8.0202703,8.1397324,8.4614687
KHM.1.7_2,7,BântéayMéanchey,SereiSaophoan,7.5574727,7.5852809,7.6108527,8.0446262,7.5963922,7.6563373,7.629004,7.6088705,7.6143122,7.6525459,7.7209053,7.8127828,7.8139958,7.8667221,7.9412956,7.9932823,8.2957983,8.3719358,8.4182568,8.4209023,8.3756294,8.3954773,8.4623146,8.5047159,8.5479164,8.6154079,8.7498913,8.8391314,8.9015026,8.8887568,8.5087576,8.3303814,8.4497709
KHM.1.8_2,8,BântéayMéanchey,SvayChek,6.5042882,6.5337887,6.6200733,6.9186954,6.4997869,6.6489844,6.6133842,6.6187391,6.7141705,6.7369671,6.8057227,6.7719355,6.812345,6.8490663,6.9246125,7.2619271,7.2758646,7.3310604,7.3765082,7.3815017,7.4494982,7.5806999,7.6162834,7.509335,7.5153446,7.601902,7.6525459,7.6680937,7.8156104,7.8143997,7.7292957,7.7769542,7.8119736
KHM.1.9_2,9,BântéayMéanchey,ThmaPuok,6.49224,6.5206213,6.5410299,7.0466471,6.5220928,6.6025877,6.6437898,6.6450911,6.6732979,6.7990561,6.8585649,6.9517722,6.9930153,7.0492549,7.1252832,7.2506356,7.3192024,7.3505163,7.3944931,7.3864708,7.4667993,7.5559049,7.5475016,7.4988699,7.5878172,7.671361,7.728416,7.7956467,7.961719,7.9186287,7.9080195,7.9851441,7.9909153
KHM.10.1_2,10,Kep,DamnakChang'aeur,6.4248691,6.4707994,6.4952655,7.0085053,6.4846354,6.5250297,6.5820251,6.5666723,6.5834093,6.7345915,6.8023949,6.8690143,6.9087548,6.9828629,7.0630484,7.1701198,7.374002,7.4324837,7.4157772,7.4235682,7.4283333,7.5438027,7.6314316,7.6420445,7.6520705,7.7354336,7.8343921,7.8671055,8.0057011,7.9707403,7.9327211,8.0633774,7.9990072
KHM.10.2_2,11,Kep,Kaeb,6.43294,6.4614682,6.4692502,6.9603477,6.4551988,6.4937539,6.5610309,6.5834093,6.6012301,6.7464123,6.7044144,6.8752322,6.9186954,6.8490663,6.9744787,7.0621915,7.1569562,7.2598195,7.21524,7.2943773,7.2276626,7.3518,7.3883281,7.3783836,7.4217758,7.4776044,7.5812097,7.6033993,7.7794671,7.8320141,7.6797137,7.8796701,7.9895606
KHM.11.1_2,12,Krâchéh,ChetrBorei,6.3952618,6.4441314,6.4692502,6.9669671,6.4002576,6.6372581,6.6253924,6.6385679,6.658011,6.765039,6.8265452,6.8987145,6.9382844,7.1090622,7.166266,7.2370591,7.3440728,7.4289274,7.5315523,7.5832477,7.5862961,7.6348205,7.6534948,7.7450027,7.8083229,7.858254,7.8458076,7.7510452,7.8709297,7.8520503,7.8139958,7.8212419,7.8054748
KHM.11.2_2,13,Krâchéh,Chhloung,6.4297194,6.4583383,6.4645882,6.9536843,6.4520488,6.6333184,6.650279,6.6795993,6.6682281,6.8308744,6.9631901,7.0414119,7.0983758,7.2093401,7.3165483,7.4809923,7.5196924,7.5776339,7.5903468,7.6676259,7.6824822,7.7510452,7.7389235,7.8532162,7.8671055,7.9032269,7.9441376,7.8789129,7.9919305,7.9959803,7.8493237,7.7510452,7.7213488
KHM.11.3_2,14,Krâchéh,Kracheh,6.6398759,6.6227365,6.6489844,7.1838708,6.6858611,6.947937,6.9246125,6.9957662,6.8710914,7.0842266,7.1204443,7.184629,7.2247534,7.2997975,7.3752556,7.4999766,7.3677087,7.4436636,7.4211774,7.4000096,7.4713631,7.5336938,7.5245614,7.5490828,7.5579948,7.5878172,7.6760101,7.6304612,7.5010819,7.7484598,7.5709586,7.7057128,7.8442407
KHM.11.4_2,15,Krâchéh,PrekPrasab,6.4232469,6.4504704,6.4785094,6.9744787,6.4645882,6.6066504,6.6656837,6.6437898,6.652863,6.7580943,6.8178306,6.9948502,7.0387836,7.0875735,7.1483459,7.2827611,7.4036703,7.4944301,7.5288692,7.5438027,7.552762,7.5642385,7.5928702,7.673223,7.6875386,7.7475967,7.6648159,7.7106533,7.9302063,7.9748769,7.8651881,7.8547692,7.8785343
KHM.11.5_2,16,Krâchéh,Sambour,6.4997869,6.5279579,6.555357,7.003974,6.5410299,6.5496507,6.5792513,6.5834093,6.6012301,6.6908422,6.7580943,6.8200164,6.8596148,6.9027429,6.985642,7.0867381,7.1869011,7.231287,7.2758646,7.2827611,7.3277807,7.2977681,7.3297496,7.372118,7.4413204,7.5098829,7.5673456,7.6043963,7.7693787,7.8164172,7.7557673,7.8735976,7.9021177
KHM.11.6_2,17,Krâchéh,Snuol,6.84375,6.8690143,6.8987145,7.3607397,6.8669333,6.9137373,6.9555926,6.9650803,6.9819345,7.0992017,7.167809,7.2283883,7.254178,7.2827611,7.3588309,7.4871736,7.5745583,7.7200179,7.7676873,7.8115683,7.7782116,7.7213488,7.7549105,7.786552,7.7266536,7.6638775,7.6473088,7.6098623,7.7380524,7.6615272,7.5963922,7.7160153,7.7604671
KHM.12.1_2,18,KrongPailin,Pailin,6.7452364,6.7696419,6.5708828,6.9584484,6.5279579,6.5482192,6.5930448,6.6253924,6.7044144,6.8966942,7.0012455,7.0112138,6.9763479,7.106606,7.166266,7.4354382,7.4018416,7.3714895,7.3098817,7.3639135,7.4301143,7.4006205,7.410347,7.4535618,7.4587626,7.5267177,7.7079616,7.8087292,7.8410997,8.2445965,8.1321192,8.1510448,8.2456465
KHM.12.2_2,19,KrongPailin,SalaKrau,6.8090391,6.8200164,6.8511848,7.2902927,6.7787848,6.8200164,6.9107509,6.856462,6.8606639,6.8265452,6.763885,6.7765069,6.8875527,6.9402223,6.9450512,7.1569562,7.2744794,7.4465852,7.478735,7.4271441,7.4610653,7.6048946,7.502738,7.4938741,7.3677087,7.4217758,7.552762,7.6473088,7.5999022,7.8950634,7.8808045,8.2369499,8.1205883
KHM.13.1_2,20,KrongPreahSihanouk,KampongSeila,6.5764694,6.6227365,6.6476884,7.1000271,6.5395861,6.694562,6.7238326,6.6644092,6.6821084,6.9087548,7.0121155,7.0379062,7.0783415,7.1041441,7.1800699,7.2984452,7.4500794,7.5240216,7.5704432,7.5928702,7.6123366,7.6463537,7.7012,7.7510452,7.7844734,7.7911096,7.9302063,7.961719,8.0106916,8.114624,8.0561094,8.3180103,8.3270006
KHM.13.2_2,21,KrongPreahSihanouk,PreahSihanouk,8.1092253,8.1373959,8.1610899,8.5950794,8.1472883,8.2155476,8.2445965,8.2970448,8.3145876,8.4020071,8.4701014,8.4836369,8.5255585,8.5737629,8.6494484,8.760767,8.8407249,8.9279776,8.9777775,8.9717026,9.0256958,9.0429859,9.0728006,9.1151505,9.1687889,9.2231579,9.2787466,9.32759,9.329545,9.3758545,9.3128071,9.3298998,9.3548737
KHM.13.3_2,22,KrongPreahSihanouk,PreyNob,6.4473057,6.5847912,6.6346335,7.0501227,6.6080008,6.6846118,6.9469762,6.9527287,6.9707303,7.0370278,7.1049652,7.1420364,7.1608458,7.1701198,7.2499256,7.3664451,7.4018416,7.4776044,7.5010819,7.5071411,7.5548587,7.6893711,7.7204618,7.7169061,7.8079166,7.850493,7.9462638,8.0023594,8.3733225,8.4217834,8.3445053,8.373785,8.3542032
KHM.13.4_2,23,KrongPreahSihanouk,StuengHav,6.5610309,6.5930448,6.6476884,7.070724,6.5294189,6.6253924,6.6720328,6.6770835,6.694562,6.7322106,6.8057227,6.8977051,6.9285378,7.0535855,7.1252832,7.3158836,7.3689704,7.4454174,7.3138866,7.3198647,7.3932629,7.4541411,7.4838066,7.5416832,7.6231532,7.6643467,7.8135915,8.0215845,8.4031286,8.4220028,8.3490114,8.4296722,8.4585037
KHM.14.1_2,24,MôndólKiri,KaevSeima,6.7487597,6.7765069,6.8035054,7.2513452,6.7900972,6.8134446,6.8426833,6.8469429,6.8648477,6.9536843,7.0148144,7.075809,7.1024995,7.1546154,7.167038,7.1115122,7.2377782,7.3132205,7.3185396,7.3112183,7.3670769,7.3051882,7.3323693,7.3714895,7.4289274,7.4500794,7.50769,7.5548587,7.6912003,7.9398718,7.857481,7.8819375,7.9929447
KHM.14.2_2,25,MôndólKiri,KaohNheaek,6.7776465,6.8057227,6.8330317,7.2820735,6.612041,6.6253924,6.6554403,6.6605749,6.6770835,6.7661915,6.8351846,6.8956828,6.9275579,6.9810057,7.0570369,7.1654935,7.2577076,7.3336763,7.3645473,7.3004727,7.3460102,7.2950563,7.3304052,7.372118,7.415175,7.5806999,7.6367521,7.6601143,7.7155695,7.8228455,7.759614,7.7057128,7.7497535
KHM.14.3_2,26,MôndólKiri,OuReang,6.7499313,6.7428808,6.7719355,7.2159748,6.7546039,6.7080841,6.7369671,6.7475867,6.7627296,6.8243737,6.8926415,6.9536843,6.9939332,7.0457764,7.1212525,7.2298388,7.3165483,7.3926477,7.46451,7.4690838,7.509335,7.4966526,7.5448608,7.5842648,7.6439619,7.6971211,7.8160138,7.8883343,7.9683194,8.0205994,7.9983354,7.9973269,8.0845623
KHM.14.4_2,27,MôndólKiri,PechChreada,6.7979403,6.812345,6.8394766,7.2923369,6.7615728,6.7833252,6.7957058,6.8012829,6.8200164,6.9097533,6.9697905,7.0475173,7.0859013,7.160069,7.2363396,7.3518,7.4372063,7.4899707,7.5347629,7.5432734,7.5847731,7.6098623,7.6453977,7.5857887,7.6319165,7.6861625,7.7939992,7.8332038,7.9377317,7.9734998,7.9105906,7.8781552,7.8894591
KHM.14.5_2,28,MôndólKiri,SaenMonourom,6.5439119,6.5722823,6.6795993,7.113142,6.6515718,6.6982679,6.6515718,6.6554403,6.6066504,6.6957989,6.763885,6.753438,6.7979403,6.8101425,6.8885727,6.9314718,7.0184016,7.1292977,7.1951871,7.167809,7.254178,7.2717037,7.3330231,7.4127641,7.5202346,7.6934814,7.6774006,7.7088594,7.7731738,7.8536048,7.8414931,7.7861366,7.7769542
KHM.15.1_2,29,OtdarMeanChey,AnlongVeaeng,6.7787848,6.8079348,6.8341088,7.2793188,6.8167357,6.818924,6.8480053,6.8532991,6.8606639,6.9469762,7.0157123,7.077498,7.1106963,7.1623974,7.1244783,7.2327332,7.3244901,7.3569183,7.4999766,7.4401464,7.2779384,7.2964134,7.5326238,7.6377163,7.648263,7.6221747,7.4764724,7.8928256,8.2521858,8.4131651,8.3320675,8.3233662,8.3052368
KHM.15.2_2,30,OtdarMeanChey,BanteayAmpil,6.7844572,6.812345,6.8384051,7.3024964,6.812345,6.8543544,6.8426833,6.8617115,6.8532991,6.9421568,7.0103121,7.0749631,7.1115122,7.1693501,7.2492151,7.3639135,7.4604902,7.5781455,7.6177597,7.6098623,7.63868,7.6810989,7.7510452,7.8379488,7.861342,7.9054418,7.8972964,7.9807076,8.0854864,8.0946836,8.0391569,8.0618019,8.1303539
KHM.15.3_2,31,OtdarMeanChey,ChongKal,6.5596151,6.5596151,6.5596151,6.9994226,6.5638556,6.6821084,6.7105231,6.7357802,6.7522702,6.8101425,6.8783264,6.9186954,6.9565454,7.0139155,7.091742,7.2327332,7.30586,7.4073176,7.478735,7.4860525,7.5229411,7.6362696,7.6231532,7.6657534,7.7021046,7.7561955,7.8976684,7.9211726,8.0793085,8.0808563,8.0179663,8.0323601,8.0352793
KHM.15.4_2,32,OtdarMeanChey,Samraong,6.4536252,6.505784,6.5042882,6.9508147,6.4785094,6.5764694,6.555357,6.5496507,6.508769,6.605298,6.658011,6.7190132,6.7821922,6.8330317,6.9107509,6.9555926,7.0509896,7.1853871,7.2786288,7.3231707,7.4599147,7.5553818,7.59589,7.7182407,7.7021046,7.7506146,7.7794671,7.728416,7.8288345,7.9434276,7.8312201,7.9054418,7.904335
KHM.15.5_2,33,OtdarMeanChey,TrapeangPrasat,6.7031879,6.7334018,6.7580943,7.2063775,6.7452364,6.7661915,6.7945867,6.82546,6.8167357,6.9057531,6.9744787,7.0352688,7.0749631,7.0817084,7.1577353,7.2668276,7.1996784,7.26403,7.30586,7.2577076,7.3317151,7.3518,7.6591716,7.7217917,7.6755462,7.7093081,7.6676259,7.6270576,7.6934814,8.2013855,8.1906319,8.2187872,8.210124
KHM.16.10_2,34,PhnomPenh,RusseyKeo,8.0404472,8.068716,8.0931568,8.5131855,8.0796185,8.1440983,8.1732931,8.177516,8.1956091,8.2827358,8.3509026,8.412055,8.4529743,8.4881763,8.563695,8.679822,8.7598257,8.8357925,8.8851643,8.7588835,8.8359375,8.8539515,8.8743076,8.9166403,8.9761362,9.0303764,9.0976191,9.144948,9.1710796,9.2156267,9.1524992,9.154933,9.1800871
KHM.16.11_2,35,PhnomPenh,Saensokh,7.8864574,7.9146175,7.9391589,8.369853,7.9251575,7.9959803,8.0248623,8.0291071,8.0475092,8.1347609,8.2027559,8.2638483,8.3049898,8.3487749,8.4244194,8.5411053,8.6215534,8.6976795,8.7470341,8.7388954,8.8149242,8.8315659,8.8592215,8.901639,8.9571238,9.0115232,9.0620728,9.108861,9.1350775,9.1774035,9.1143799,8.7922459,8.8177423
KHM.16.12_2,36,PhnomPenh,TuolKouk,7.6638775,7.6921134,7.7164607,8.1519098,7.7025561,7.7735944,7.802618,7.8062892,7.8248458,7.9120569,7.9803658,8.041091,8.0827112,8.1332941,8.2087641,8.3265171,8.4080477,8.4840498,8.5334606,8.5253601,8.5796041,8.5958195,8.6215534,8.663888,8.7196445,8.7726107,8.8395662,8.8862705,8.8135872,8.8464966,8.7835493,8.7922459,8.8177423
KHM.16.1_2,37,PhnomPenh,ChamkarMon,7.7292957,7.7574787,7.7828074,8.2002878,7.7689562,7.8300281,7.8590269,7.8628821,7.8815598,7.9686656,8.0368967,8.0977306,8.1379805,8.1744213,8.2500982,8.679822,8.7598257,8.8357925,8.8851643,8.8771029,8.951829,8.9700508,8.985445,9.0278587,9.0869293,9.1413116,9.2087393,9.144948,9.1710796,9.2156267,9.1524992,9.154933,9.1800871
KHM.16.2_2,38,PhnomPenh,ChbarAmpov,8.1507568,8.1789198,8.2041254,8.638525,8.1900768,8.2586813,8.2877798,8.2920475,8.3101692,8.3977337,8.4658995,8.5267477,8.5669355,8.6157703,8.6918182,8.8029737,8.8826694,8.9587975,9.0081015,9.0020857,9.0557899,9.0731449,9.1029778,9.1452684,9.199482,9.2538786,9.3215237,9.2977104,9.2976179,9.3438215,9.2807989,9.297802,9.3227758
KHM.16.3_2,39,PhnomPenh,ChraoyChongvar,8.0752716,8.1007681,8.1262226,8.5608273,8.1125278,8.1828384,8.2117548,8.2364206,8.254529,8.3426018,8.4107208,8.471777,8.4817734,8.563695,8.6397648,8.7521076,8.831274,8.907342,8.9567375,8.9206562,8.9742384,8.991189,9.0226851,9.0840969,9.1373396,9.1915655,9.2591305,9.3075581,9.3041039,9.3503628,9.2873011,9.3820219,9.4420872
KHM.16.4_2,40,PhnomPenh,Dangkao,8.0762043,8.1044016,8.1368113,8.5701647,8.1232615,8.191186,8.2201338,8.225235,8.2424936,8.3296585,8.3979588,8.4589281,8.4994364,8.5475283,8.623353,8.73456,8.8146276,8.890686,8.9401054,8.924922,8.9846935,9.0027008,9.0319309,9.0742912,9.1283712,9.1826611,9.2502337,9.2976179,9.2975264,9.3437338,9.2807055,9.2977104,9.3226862
KHM.16.5_2,41,PhnomPenh,DounPenh,7.7292957,7.7574787,7.7828074,8.2002878,7.7689562,7.8300281,7.8590269,7.8628821,7.8815598,7.9686656,8.0368967,8.0977306,8.1379805,8.1744213,8.2500982,8.3607731,8.4422541,8.5181923,8.5675058,8.5604439,8.6174002,8.9700508,8.985445,9.0278587,9.0869293,9.1413116,9.2087393,9.2560787,9.2866535,9.3316727,9.268609,9.154933,9.1800871
KHM.16.6_2,42,PhnomPenh,MeanChey,7.9164429,7.9444923,7.9690118,8.3916302,7.9554253,8.0245352,8.0535688,8.0586433,8.0758934,8.1630859,8.2313757,8.2922983,8.3323088,8.3689251,8.4448376,8.5919294,8.6721439,8.7481461,8.7975483,8.7895079,8.8661585,8.8841944,8.9123383,8.9546738,8.9571238,9.0115232,9.0620728,9.108861,9.1350775,9.1774035,9.1143799,9.1246738,9.149847
KHM.16.7_2,43,PhnomPenh,PraekPnov,7.5191498,7.6078782,7.622664,8.0573778,7.6083746,7.6898289,7.7155695,7.6912003,7.6619978,7.7384882,7.8493237,7.9102235,7.9550743,7.935945,8.0106916,8.1185055,8.2422295,8.3418865,8.4031286,8.3039999,8.3689251,8.4340286,8.4788685,8.5089598,8.5569906,8.5633135,8.6264067,8.709795,8.7716808,8.7588835,8.778326,8.7885933,8.8941212
KHM.16.8_2,44,PhnomPenh,PrampirMeakkakra,7.9448466,7.9731555,7.997663,8.4209023,7.9837809,8.0548401,8.0839453,8.0291071,8.0475092,8.1347609,8.2027559,8.2638483,8.3049898,8.3487749,8.4244194,8.5411053,8.6215534,8.6976795,8.7462397,8.7388954,8.8149242,8.8315659,8.8592215,8.901639,8.9571238,9.0115232,9.0620728,9.108861,9.1350775,8.8464966,8.7835493,8.7922459,8.8177423
KHM.16.9_2,45,PhnomPenh,PurSenChey,7.7292957,7.7574787,7.7828074,8.2002878,7.7689562,7.8300281,7.8590269,7.8628821,7.8815598,7.9686656,8.0368967,8.0977306,8.1379805,8.1744213,8.2503586,8.3607731,8.4422541,8.5181923,8.5675058,8.5604439,8.6174002,8.6289139,8.648572,8.6908102,8.7505245,8.804925,8.8715057,8.9189177,8.8862705,8.9293032,8.8661585,8.8674278,8.8927488
KHM.17.1_2,46,Pouthisat,Bakan,6.4645882,6.5250297,6.5467854,7.0361485,6.5496507,6.5930448,6.6424866,6.6605749,6.605298,6.7007313,6.6783423,6.7912216,6.9603477,6.9865665,7.0613341,7.1724248,7.2703128,7.377759,7.4211774,7.474772,7.4854918,7.4587626,7.4518223,7.4690838,7.5299435,7.6760101,7.7523351,7.8898339,7.7972913,7.8694019,7.9341555,8.2594585,8.2753763
KHM.17.2_2,47,Pouthisat,Kandieng,6.4457197,6.4297194,6.4520488,6.9226437,6.3767271,6.4167323,6.403574,6.4101748,6.5042882,6.6293631,6.7178049,6.7117405,6.7190132,6.7810578,6.856462,7.0139155,6.9754138,7.0492549,7.0892429,7.1553965,7.1654935,7.0950642,7.1123276,7.3125534,7.4091363,7.5663109,7.5010819,7.5908523,7.7798853,7.8119736,7.802618,7.7052627,7.8272409
KHM.17.3_2,48,Pouthisat,Krakor,6.5496507,6.5778613,6.605298,7.0892429,6.5916739,6.7369671,6.7867169,6.7753663,6.8046145,6.8906093,6.954639,7.0012455,7.1252832,7.2327332,7.3045158,7.4372063,7.4821191,7.551712,7.579679,7.6143122,7.6425242,7.5668283,7.6033993,7.6755462,7.5973964,7.5574727,7.5224004,7.5652752,7.7030077,7.7952352,7.7527647,7.7798853,7.8547692
KHM.17.4_2,49,Pouthisat,PhnumKravanh,6.6398759,6.6682281,6.6920838,7.1808314,6.6783423,6.8200164,6.7912216,6.7968235,6.8700533,6.9874902,7.0664668,7.113142,7.1538339,7.2800083,7.3569183,7.4401464,7.5553818,7.6073813,7.5938778,7.6088705,7.7240047,7.7213488,7.7450027,7.7506146,7.802618,7.8887095,7.7890406,7.7898684,7.8995247,7.8909569,7.8705478,7.8091354,7.704812
KHM.17.5_2,50,Pouthisat,Pursat,6.4134588,6.4199948,6.4409466,6.9536843,6.3952618,6.4101748,6.4377518,6.4118185,6.4281054,6.5624442,6.6320019,6.6833611,6.7475867,6.818924,6.8824377,7.003974,7.0690236,7.1770186,7.2492151,7.2048926,7.2689199,7.3858509,7.6829433,7.7186856,7.7124438,7.6676259,7.7066131,7.8624973,7.986165,8.1446791,8.0166483,8.3670673,8.2687321
KHM.17.6_2,51,Pouthisat,TonléSap,6.4345465,6.4630294,6.4907236,6.9206715,6.4167323,6.5279579,6.6012301,6.5610309,6.5778613,6.6682281,6.7238326,6.9265771,6.9772816,7.0228682,7.100852,7.2159748,7.2218356,7.3562799,7.3594675,7.3581939,7.3434262,7.3408356,7.4133673,7.4506607,7.4994235,7.5186071,7.5832477,7.5668283,7.7536235,7.8107581,7.7651448,7.6553907,7.6898289
KHM.17.7_2,52,Pouthisat,VealVeaeng,6.7719355,6.7105231,6.7867169,7.2348986,6.7867169,6.8112445,6.8297939,6.8351846,6.8480053,6.9236288,6.954639,7.0057888,7.068172,7.1220598,7.1981835,7.3045158,7.3839893,7.4994235,7.5438027,7.52564,7.5928702,7.603898,7.6367521,7.7231202,7.7655692,7.6939373,7.7536235,7.8628821,8.0006847,8.0693426,7.9312849,7.922986,8.0060339
KHM.18.1_2,53,PreahVihéar,CheySaen,6.5424719,6.5708828,6.6039438,7.0475173,6.5834093,6.6253924,6.6541524,6.6592941,6.6758232,6.765039,6.8341088,6.89467,6.9265771,6.9800758,7.0308576,7.1098795,7.231287,7.3072023,7.3569183,7.2957349,7.3408356,7.297091,7.3323693,7.374629,7.4253578,7.4610653,7.5153446,7.5606012,7.7467327,7.7964692,7.7217917,7.7579064,7.8054748
KHM.18.2_2,54,PreahVihéar,Chhaeb,6.650279,6.6644092,6.6908422,7.1388669,6.6770835,6.7007313,6.7190132,6.7238326,6.7707896,6.8606639,6.9206715,6.9622436,7.0021558,7.0544496,7.1444073,7.2356191,7.2420826,7.3178763,7.3670769,7.3658128,7.4121604,7.2943773,7.3427792,7.3846102,7.4312997,7.4854918,7.518064,7.5506611,7.6221747,7.6843243,7.6211953,7.6211953,7.5953875
KHM.18.3_2,55,PreahVihéar,ChoamKsant,6.7452364,6.7730803,6.8112445,7.134891,6.6732979,6.6883545,6.7178049,6.72263,6.7405195,6.8308744,6.8987145,7.091742,7.1316986,7.181592,7.2577076,7.3670769,7.4518223,7.5142546,7.5637197,7.5126176,7.4127641,7.3815017,7.3932629,7.436028,7.4905295,7.5448608,7.5501351,7.6280313,7.7155695,7.6934814,7.6511202,7.622664,7.6083746
KHM.18.4_2,56,PreahVihéar,Kuleaen,6.6920838,6.7068624,6.7381525,7.1553965,6.6883545,6.6871085,6.7165947,6.7214255,6.7393365,6.7753663,6.84375,6.9236288,7.0475173,7.1049652,7.1823521,7.2889276,7.4006205,7.4770384,7.5304799,7.5522375,7.6014023,7.6162834,7.6680937,7.7336836,7.7898684,7.7944112,7.8747392,7.9427176,8.0339823,8.0740261,8.0326853,7.9858246,8.1034946
KHM.18.5_2,57,PreahVihéar,PreahVihear,6.7855878,6.818924,6.6808548,7.1623974,6.6605749,6.7855878,6.8023949,6.8068295,6.8046145,6.9226437,6.9902563,7.0112138,7.0850644,7.0884089,7.1701198,7.2930179,7.3758821,7.4247618,7.4181809,7.410347,7.4419069,7.4330754,7.5368972,7.6043963,7.5626812,7.5637197,7.5411525,7.5862961,7.6652846,7.7923489,7.7266536,7.7376161,7.7655692
KHM.18.6_2,58,PreahVihéar,Rovieng,6.6200733,6.6489844,6.6592941,7.1074257,6.6450911,6.6605749,6.689599,6.6933236,6.7117405,6.8012829,6.8690143,6.9304948,6.9631901,7.0148144,7.09091,7.1989312,7.2710085,7.3466554,7.3963351,7.3511581,7.3877091,7.3401871,7.3727465,7.415175,7.4792995,7.5668283,7.6024013,7.552762,7.6477861,7.7115488,7.6515956,7.6319165,7.7319307
KHM.18.7_2,59,PreahVihéar,SangkumThmei,6.5395861,6.5666723,6.5971456,7.0457764,6.5834093,6.5944133,6.6240654,6.6592941,6.6463904,6.7357802,6.8035054,6.8648477,6.9047508,6.9819345,7.057898,7.1654935,7.2591162,7.3349819,7.3045158,7.3112183,7.3569183,7.2977681,7.3401871,7.385231,7.4506607,7.5043917,7.5207763,7.6304612,7.7186856,7.7655692,7.7740149,7.7798853,7.9189925
KHM.18.8_2,60,PreahVihéar,TbaengMeanChey,6.4800444,6.508769,6.5323343,6.9810057,6.5176711,6.5235624,6.5792513,6.5820251,6.6012301,6.6908422,6.6871085,6.7487597,6.753438,6.7912216,6.8669333,7.0012455,7.0698743,7.1708884,7.2203736,7.2034054,7.2370591,7.2499256,7.4115562,7.4541411,7.488853,7.5595593,7.7432699,7.7093081,7.8288345,7.9564767,7.9748769,7.9262414,8.0176373
KHM.19.10_2,61,PreyVêng,PreyVeng,6.6187391,6.6372581,6.658011,7.1268907,6.6227365,6.6920838,6.7141705,6.7165947,6.7068624,6.8297939,6.937314,7.0698743,7.1057863,7.1284962,7.2470808,7.2882442,7.4500794,7.7097569,7.7794671,7.7591872,7.8050671,7.7919359,7.8135915,7.818028,7.8905826,7.8969245,7.8516612,7.9035964,8.0261698,8.0149965,7.9658928,7.9237103,8.0343065
KHM.19.11_2,62,PreyVêng,PurRieng,6.7393365,6.7357802,6.779922,7.254178,6.765039,6.7979403,6.84588,6.8276291,6.818924,7.0012455,7.0884089,7.1914291,7.1996784,7.2570028,7.2875605,7.3926477,7.5548587,7.6033993,7.6143122,7.6377163,7.5786567,7.6381984,7.6718268,7.7415338,7.7497535,7.7367435,7.7244468,7.8879595,8.000349,8.1279955,8.0287809,8.0845623,7.917172
KHM.19.12_2,63,PreyVêng,SithorKandal,6.7730803,6.7475867,6.765039,7.372118,6.7719355,6.818924,6.8480053,6.81564,6.763885,6.8741984,6.9295168,6.9679093,6.9735432,7.0621915,7.1292977,7.3620105,7.4211774,7.4944301,7.5065918,7.5948844,7.6319165,7.8296304,7.9240723,7.8785343,7.9054418,7.8426714,7.920083,7.8399196,7.9721212,7.9946322,7.9786539,8.0378666,8.0050335
KHM.19.13_2,64,PreyVêng,SvayAntor,6.2653012,6.253829,6.2971091,6.7889719,6.2897158,6.2461066,6.3225651,6.2766433,6.3801227,6.6908422,6.7923446,6.7661915,6.7979403,6.8448153,6.921658,7.0405364,7.0449052,7.1577353,7.2159748,7.2612252,7.3870902,7.544332,7.4826818,7.5714736,7.5791678,7.673223,7.7173514,7.6088705,7.6893711,7.6755462,7.7840571,7.8819375,8.0839453
KHM.19.1_2,65,PreyVêng,BaPhnum,6.6333184,6.6437898,6.6541524,7.0587583,6.6333184,6.7487597,6.7844572,6.7889719,6.7979403,6.9037471,6.9236288,6.9744787,7.0112138,7.0449052,7.1204443,7.2167096,7.3677087,7.4471684,7.4854918,7.4949861,7.518064,7.6879973,7.6718268,7.6943927,7.7506146,7.842279,7.8976684,7.9536695,8.0570602,8.0291071,7.8359747,7.9017477,7.9926066
KHM.19.2_2,66,PreyVêng,KamchayMear,6.3543701,6.3818159,6.403574,6.8741984,6.403574,6.3935909,6.4248691,6.4264884,6.4441314,6.6437898,6.7719355,6.8101425,6.8596148,6.9087548,6.9574976,7.115582,7.138073,7.193686,7.1762547,7.20786,7.2269359,7.2108183,7.3708601,7.5021863,7.545918,7.6275444,7.7591872,7.6806374,7.8095412,7.8473721,7.8905826,7.8636513,8.0762043
KHM.19.3_2,67,PreyVêng,KampongTrabaek,6.7546039,6.7707896,6.7990561,7.2086005,6.7522702,6.8134446,6.81564,6.8480053,6.856462,6.9688506,7.0335064,7.0842266,7.1244783,7.1747241,7.2506356,7.3434262,7.3752556,7.4483337,7.5169773,7.495542,7.5379624,7.5098829,7.5817199,7.7467327,7.8868332,7.9094896,7.9388022,7.9412956,7.986845,8.0439844,8.0222406,8.1303539,7.9848032
KHM.19.4_2,68,PreyVêng,Kanhchriech,6.3801227,6.401917,6.4052286,6.8936563,6.4345465,6.5525079,6.5652652,6.5834093,6.6080008,6.7153835,6.8617115,6.8276291,6.8669333,6.8243737,6.9137373,7.1098795,7.1212525,7.4079242,7.4193807,7.4483337,7.5109777,7.415175,7.5766096,7.6473088,7.8430638,7.7977018,7.9810495,7.9762521,7.9627638,7.9898992,7.8739786,8.0715313,8.026824
KHM.19.5_2,69,PreyVêng,MeSang,6.3350544,6.368187,6.3578424,6.8448153,6.3225651,6.4002576,6.4167323,6.4377518,6.3835068,6.6214056,6.7031879,6.7934661,7.0925736,7.133296,7.2159748,7.2499256,7.1292977,7.1921821,7.1436176,7.2283883,7.1731915,7.113142,7.1921821,7.20786,7.194437,7.3944931,7.640604,7.5948844,7.7102051,7.8414931,7.785305,7.825645,7.7689562
KHM.19.6_2,70,PreyVêng,PeaReang,6.4232469,6.401917,6.4248691,6.947937,6.4232469,6.5206213,6.5206213,6.5235624,6.5496507,6.6707664,6.7417006,6.8916259,6.9107509,6.9641356,7.0664668,7.009409,7.2548847,7.3051882,7.5475016,7.4838066,7.5342283,7.7993436,7.997663,8.012681,8.0346308,7.9738445,8.0346308,8.0063677,7.9909153,8.0439844,7.9370174,8.0222406,8.0746489
KHM.19.7_2,71,PreyVêng,PeamChor,6.5666723,6.6080008,6.5998707,7.113956,6.5510802,6.6133842,6.6995006,6.8936563,6.7855878,6.9343972,6.9574976,7.0698743,7.0184016,7.0255384,7.1284962,6.9669671,7.1196356,7.1770186,7.2682228,7.1974354,7.4966526,7.4999766,7.4994235,7.7173514,7.8066964,7.9127893,8.056427,8.0228968,8.0959034,8.091321,7.9164429,8.0030289,7.805882
KHM.19.8_2,72,PreyVêng,PeamRo,7.2291141,7.2577076,6.9930153,7.5480289,7.0884089,7.1693501,6.9097533,6.8690143,6.906755,6.9939332,7.0808678,6.9791451,6.6908422,6.7627296,6.8834624,7.113956,7.3172126,7.4085307,7.4133673,7.3827462,7.3569183,7.5251007,7.6304612,7.6177597,7.7306142,7.861342,8.0842543,8.1262226,8.012681,8.1092253,8.0080328,8.1625166,8.401782
KHM.19.9_2,73,PreyVêng,PreahSdach,6.2653012,6.2441669,6.2878585,6.7031879,6.1923623,6.2285109,6.3080983,6.418365,6.2747622,6.4216223,6.5132303,6.6080008,7.0825486,7.138073,7.2577076,7.3138866,7.3613753,7.4133673,7.3696008,7.3969488,7.3613753,7.6666903,7.698029,7.7561955,7.8272409,7.8438487,7.6893711,7.8743587,7.865572,7.9377317,7.8454161,7.972466,7.9366603
KHM.2.10_2,74,Batdâmbâng,RukhKiri,6.4738908,6.508769,6.5337887,7.003974,6.5117455,6.5525079,6.5439119,6.5792513,6.5722823,6.7369671,6.8501263,6.9017372,6.9255953,6.9707303,7.1123276,7.2093401,7.3138866,7.3511581,7.4372063,7.4217758,7.4570322,7.5750718,7.502738,7.4030609,7.5109777,7.6029005,7.4983158,7.5331588,7.8351836,7.8172226,7.7911096,7.8628821,8.1004648
KHM.2.11_2,75,Batdâmbâng,Samlout,6.7730803,6.8012829,6.8276291,7.2298388,6.763885,6.8046145,6.8638034,6.8690143,6.8875527,6.9772816,7.0457764,7.106606,7.1483459,7.2086005,7.2820735,7.3677087,7.52564,7.5714736,7.6207051,7.6177597,7.6629376,7.7057128,7.7894545,7.8567066,7.8808045,7.8883343,7.9473252,7.9942951,8.1001616,8.1847925,8.0955992,8.1116285,8.1438084
KHM.2.12_2,76,Batdâmbâng,SampovLun,6.7031879,6.7569323,6.7238326,7.2276626,6.6833611,6.7393365,6.6995006,6.7405195,6.7250338,6.8134446,6.8035054,6.7452364,6.7661915,6.8554087,6.8690143,7.0387836,7.2470808,7.3051882,7.3632798,7.3165483,7.1754899,6.9847164,7.2737865,7.4223738,7.3323693,7.4983158,7.4301143,7.9244342,7.8917046,7.9575276,7.9932823,7.8815598,7.8272409
KHM.2.13_2,77,Batdâmbâng,Sangkae,7.7989335,7.8272409,7.8512721,8.2758856,7.8371596,7.909122,7.9380889,7.9423623,7.9606724,8.041091,8.1092253,8.170186,8.210124,8.2615261,8.3402176,8.4576559,8.5379753,8.6141386,8.6633692,7.9679732,8.0083656,8.0264969,8.0762043,8.1185055,8.1238546,8.1783581,8.2030306,8.6496239,8.6759052,8.4333763,8.3703156,8.4506264,8.799058
KHM.2.14_2,78,Batdâmbâng,ThmaKoul,6.9527287,7.0003343,7.0326242,7.4383836,7.0139155,7.2189097,7.2506356,7.2384968,7.2964134,7.3626451,7.4241652,7.4960976,7.5331588,7.5968943,7.7419677,7.7777925,7.8442407,7.9204464,7.2861919,7.3297496,7.3388882,7.4753394,7.558517,7.551187,7.5647569,7.690743,7.6680937,7.9262414,8.2746115,8.3518467,8.2480059,8.4355488,8.4931049
KHM.2.15_2,79,Batdâmbâng,TonléSap,6.8416157,6.8690143,6.9057531,7.3132205,6.8469429,6.8906093,6.9660244,6.9508147,6.9726062,7.0892429,7.1538339,7.2181768,7.2327332,7.3051882,7.3185396,7.4169798,7.5196924,7.6629376,7.6962128,7.719574,7.8001633,7.8268423,7.8300281,7.8682542,7.8872085,7.9416513,8.0323601,8.1134262,8.1900768,8.2356253,8.1570835,8.1616602,8.2155476
KHM.2.1_2,80,Batdâmbâng,AekPhnum,6.7990561,6.8265452,6.84588,7.3211884,6.84375,6.8752322,6.9017372,6.9107509,6.9246125,6.9837899,7.0475173,7.1106963,7.1592917,7.2240248,7.3045158,7.4448333,7.4983158,7.5416832,7.6473088,7.6806374,7.7186856,7.9352293,8.0300837,8.0592766,8.0780678,8.1432266,8.1330004,8.2870255,8.2872772,8.3822899,8.4116106,8.3911762,8.5695963
KHM.2.2_2,81,Batdâmbâng,Banan,6.4907236,6.5308776,6.5352411,6.9265771,6.5012898,6.5395861,6.6214056,6.6808548,6.6554403,6.7190132,6.8330317,6.9985094,7.0440331,7.0942349,7.1701198,7.495542,7.6401234,7.9412956,7.9679732,8.1220741,8.0995541,8.1565104,8.19174,8.2537479,8.3002806,8.2540083,8.2907944,8.0640078,8.1285849,8.219326,8.1945057,8.3390226,8.4734507
KHM.2.3_2,82,Batdâmbâng,Battambang,8.0433426,8.0715313,8.0949888,8.5283308,8.0811653,8.1513338,8.1803207,8.184514,8.2027559,8.2910452,8.3591347,8.4202414,8.4601994,8.5095644,8.5872784,8.720624,8.8007164,8.8768234,8.9262514,8.9206562,8.9742384,8.991189,9.0226851,9.0649681,9.1181154,9.172431,9.239996,9.2848911,9.2838697,9.4299574,9.3669167,9.3839579,9.4089451
KHM.2.4_2,83,Batdâmbâng,Bavel,6.3153582,6.3421216,6.3595738,6.8416157,6.3261495,6.3332796,6.4409466,6.4520488,6.5453496,6.84588,6.8501263,6.9574976,7.0343881,7.076654,7.1538339,7.2513452,7.2499256,7.3518,7.3783836,7.3460102,7.3524413,7.3758821,7.4157772,7.4048877,7.5647569,7.6430035,7.7128911,7.904335,7.9871845,7.9820747,7.8785343,8.1004648,8.0368967
KHM.2.5_2,84,Batdâmbâng,Kamrieng,6.7557688,6.7900972,6.8023949,7.2548847,6.81564,6.8638034,6.89467,6.865891,6.9047508,6.9707303,7.0210838,6.8987145,6.7730803,6.84375,6.8532991,7.0237589,7.2477927,7.4419069,7.5678625,7.4938741,7.4054956,7.5326238,7.4938741,7.4877338,7.2633295,7.3765082,7.6875386,7.7235622,7.6671581,7.9452009,8.1455498,8.114624,8.0599079
KHM.2.6_2,85,Batdâmbâng,KoasKrala,6.6982679,6.7661915,6.7912216,7.26403,6.7661915,6.8330317,6.8700533,6.8752322,6.877296,6.9117475,6.9791451,7.0405364,7.070724,7.1098795,7.1693501,7.2855067,7.3581939,7.4348478,7.4798641,7.5038409,7.5574727,7.5202346,7.5647569,7.6009026,7.6666903,7.7235622,7.8087292,7.850493,7.9714308,7.8773971,7.8648038,7.8516612,7.877018
KHM.2.7_2,86,Batdâmbâng,MoungRuessei,6.694562,6.72263,6.7604146,7.1412449,6.7417006,6.84588,6.8824377,6.8906093,6.8895912,6.9285378,7.029973,7.003974,7.0440331,7.091742,7.1914291,7.4229712,7.2902927,7.4821191,7.5553818,7.5606012,7.5994015,7.6957579,7.8030267,7.7989335,7.8481531,7.9050727,7.9434276,7.5251007,7.6843243,7.7902822,7.6760101,7.8450246,7.9959803
KHM.2.8_2,87,Batdâmbâng,PhnumProek,6.812345,6.8221974,6.8814111,7.3238306,6.8426833,6.9226437,6.9930153,7.009409,7.0057888,7.0483866,7.009409,6.9763479,6.9726062,7.057898,7.1364832,7.1974354,7.36518,7.5464463,7.6152983,7.6172676,7.6434827,7.6221747,7.7323694,7.6666903,7.6704288,7.5010819,7.623642,7.5621614,7.5837564,7.7410989,7.8288345,7.9427176,8.2547894
KHM.2.9_2,88,Batdâmbâng,RotonakMondol,6.7031879,6.7753663,6.8001699,7.2449417,6.7274318,6.7912216,6.7262335,6.6267176,6.6398759,6.7405195,6.8068295,6.8679743,6.8710914,6.8480053,6.9555926,7.0950642,7.1731915,7.2723985,7.3225102,7.4187808,7.4627891,7.5224004,7.5363641,7.5637197,7.6444407,7.7266536,7.8838234,7.8980398,7.9554253,7.9779682,7.9476786,7.8383431,8.0219126
KHM.20.1_2,89,Rôtânôkiri,AndoungMeas,6.7417006,6.7696419,6.7945867,7.2427979,6.7810578,6.8057227,6.8351846,6.8405466,6.8575139,6.9460139,7.0148144,7.075809,7.113956,7.1546154,7.2305632,7.3395376,7.3613753,7.4377952,7.4826818,7.4866133,7.5642385,7.5164332,7.5647569,7.5574727,7.6260829,7.7137847,7.7358704,7.7634463,7.8694019,7.96346,7.8792915,7.8995247,8.0006847
KHM.20.2_2,90,Rôtânôkiri,BanLung,6.7452364,6.7499313,6.7627296,7.2406497,6.8046145,6.9363427,6.9837899,6.9791451,7.0282016,7.1420364,7.2225661,7.2384968,7.3569183,7.3284373,7.3689704,7.46451,7.5390272,7.5832477,7.7807207,7.8898339,7.9627638,7.8103528,7.8375545,7.84659,7.9247961,7.9789963,8.0143356,8.3591347,8.4372835,8.479907,8.3970575,7.9065471,7.780303
KHM.20.3_2,91,Rôtânôkiri,BarKaev,6.5666723,6.5889263,6.6227365,7.009409,6.5467854,6.555357,6.6720328,6.6770835,6.765039,6.8543544,6.89467,6.9565454,7.0021558,7.0466471,7.133296,7.192934,7.284821,7.2159748,7.1731915,7.181592,7.2093401,7.1631722,7.2211051,7.2633295,7.3284373,7.3827462,7.4085307,7.5283318,7.5953875,7.6458759,7.6434827,7.632401,7.7475967
KHM.20.4_2,92,Rôtânôkiri,KounMom,6.5496507,6.5778613,6.5985088,7.0553126,6.5930448,6.605298,6.6280413,6.6320019,6.6214056,6.7068624,6.8394766,6.9285378,6.9593987,6.9930153,6.9966817,7.0370278,7.1324978,7.2100797,7.2492151,7.1853871,7.2063775,7.2086005,7.2737865,7.3152184,7.3518,7.4383836,7.5016346,7.5082388,7.5918617,7.6866212,7.6009026,7.7811384,7.7164607
KHM.20.5_2,93,Rôtânôkiri,Lumphat,6.6280413,6.6554403,6.6883545,7.138073,6.6745615,6.6920838,6.7262335,6.7310181,6.7487597,6.8373327,6.9057531,6.9488974,6.9810057,7.0343881,7.1106963,7.2283883,7.3018222,7.3783836,7.4097419,7.3702307,7.4541411,7.4133673,7.4471684,7.4894123,7.5126176,7.5283318,7.5832477,7.6182513,7.7012,7.7332458,7.6699619,7.623642,7.6930256
KHM.20.6_2,94,Rôtânôkiri,OuChum,6.612041,6.6411819,6.6489844,7.0934048,6.6821084,6.6995006,6.7487597,6.7238326,6.7499313,6.8394766,6.880384,6.9411902,6.9255953,6.9246125,7.0076008,7.1268907,7.2211051,7.297091,7.3395376,7.26403,7.2991214,7.1906762,7.2598195,7.4465852,7.5049419,7.5595593,7.5933743,7.635304,7.6898289,7.6558642,7.5928702,7.5678625,7.5735312
KHM.20.7_2,95,Rôtânôkiri,OuYaDav,6.6450911,6.6732979,6.5750756,7.0237589,6.5610309,6.5708828,6.5998707,6.605298,6.6227365,6.6957989,6.763885,6.82546,6.856462,6.9087548,6.9847164,7.0925736,7.266129,7.3421316,7.3864708,7.3920317,7.4348478,7.4157772,7.4512415,7.5862961,7.6415644,7.6993895,7.7497535,7.8387375,7.9388022,7.9721212,7.8998952,7.8853292,7.9080195
KHM.20.8_2,96,Rôtânôkiri,TaVeaeng,6.7776465,6.8057227,6.8308744,7.2800083,6.5998707,6.650279,6.6795993,6.6846118,6.7019606,6.7912216,6.8511848,6.9117475,6.9517722,7.0057888,7.0817084,7.193686,7.2584124,7.5522375,7.5862961,7.5522375,7.6014023,7.5755849,7.6113477,7.6534948,7.704361,7.7587605,7.8050671,7.8543811,7.9427176,7.997663,7.9337969,7.920083,7.9462638
KHM.20.9_2,97,Rôtânôkiri,VeunSai,6.5971456,6.6253924,6.658011,7.1074257,6.6240654,6.6669569,6.6957989,6.6995006,6.7178049,6.8068295,6.8752322,6.9363427,6.9763479,7.0219765,7.0983758,7.1731915,7.2577076,7.3343291,7.383368,7.3238306,7.3696008,7.3045158,7.3304052,7.3727465,7.4157772,7.4702239,7.5240216,7.5760975,7.6333694,7.6834035,7.6202149,7.7137847,7.7519054
KHM.21.10_2,98,Siemréab,SreiSnam,6.4645882,6.4937539,6.5191474,7.0343881,6.5042882,6.5352411,6.6025877,6.5666723,6.5861716,6.7592554,6.84375,6.921658,6.9622436,7.0228682,7.0983758,7.2793188,7.2577076,7.3310604,7.3727465,7.3645473,7.3802557,7.3752556,7.4145727,7.4770384,7.4770384,7.6806374,7.7397943,7.83637,7.9986715,7.9519114,7.9624157,7.9817333,8.0330095
KHM.21.11_2,99,Siemréab,SvayLeu,6.7889719,6.8200164,6.84588,7.3421316,6.7889719,6.8522425,6.8814111,6.880384,6.8987145,6.906755,6.9754138,7.0361485,7.0850644,7.1428275,7.2225661,7.3395376,7.4241652,7.4983158,7.5637197,7.5812097,7.5868034,7.5837564,7.6425242,7.7217917,7.7450027,7.8160138,7.7894545,7.7882113,7.9127893,8.0086985,8.0096951,7.9218984,7.9211726
KHM.21.12_2,100,Siemréab,TonléSap,6.8405466,6.880384,6.9087548,7.3901815,6.8977051,6.9450512,6.9593987,6.9631901,6.985642,7.0875735,7.1561766,7.2348986,7.30586,7.4157772,7.4295206,7.5432734,7.6304612,7.698029,7.7531943,7.7497535,7.7894545,7.8524389,7.8359747,7.8272409,7.8332038,7.8477626,7.8735976,7.9098568,8.0202703,8.0839453,8.0388346,8.0995541,8.1256313
KHM.21.13_2,101,Siemréab,Varin,6.8394766,6.8669333,6.8895912,7.3689704,6.865891,6.9206715,6.9295168,6.933423,6.9517722,7.0884089,7.1057863,7.167038,7.207119,7.26403,7.3165483,7.4407339,7.5016346,7.5781455,7.6083746,7.6182513,7.6444407,7.6187425,7.5842648,7.5948844,7.6177597,7.623642,7.6746173,7.7075124,7.8917046,7.8066964,7.6177597,7.7231202,7.728416
KHM.21.1_2,102,Siemréab,AngkorChum,6.5998707,6.6280413,6.6554403,7.0440331,6.6346335,6.7440591,6.7475867,6.7719355,6.7979403,6.7957058,6.9177055,6.9574976,6.9948502,7.0673199,7.1507015,7.3343291,7.3613753,7.3981743,7.4471684,7.4301143,7.3581939,7.5207763,7.6496925,7.7052627,7.7544813,7.8119736,7.9193563,7.7621708,7.7956467,7.7977018,7.7655692,7.8617272,7.9423623
KHM.21.2_2,103,Siemréab,AngkorThum,6.3561077,6.3935909,6.4199948,6.7833252,6.3733196,6.4800444,6.4997869,6.5042882,6.7068624,6.7262335,6.8265452,6.8373327,6.9107509,6.9679093,7.0048819,7.1388669,7.2056351,7.2957349,7.345365,7.3205271,7.3225102,7.4073176,7.4696541,7.6202149,7.698483,7.7397943,7.8430638,7.9058104,8.0030289,8.0040312,7.9409399,8.0668354,8.1056089
KHM.21.3_2,104,Siemréab,BanteaySrei,6.7546039,6.767343,6.7878451,7.0942349,6.6970344,6.7878451,6.8265452,6.7957058,6.8200164,6.8731637,6.8627577,6.9186954,6.9744787,7.0157123,7.0817084,7.1853871,7.2793188,7.4000096,7.4494982,7.4163785,7.448916,7.4999766,7.5943813,7.6520705,7.7402296,7.7406645,7.8501034,7.8826923,7.9936199,8.0225687,8.02388,8.1137257,8.0989466
KHM.21.4_2,105,Siemréab,ChiKraeng,6.6411819,6.7031879,6.7499313,7.1701198,6.7753663,6.8079348,6.8762646,6.7979403,6.856462,6.9324479,7.0003343,7.0317411,6.9295168,6.9975958,7.0732698,7.3569183,7.1966867,7.2427979,7.2889276,7.2723985,7.2882442,7.3323693,7.4627891,7.5049419,7.5893359,7.6736879,7.7579064,7.8804264,8.0287809,8.0690289,7.9575276,7.8766384,7.8450246
KHM.21.5_2,106,Siemréab,Kralanh,6.4264884,6.4536252,6.4785094,6.8936563,6.4661446,6.5323343,6.5624442,6.5337887,6.5806394,6.5875502,6.6995006,6.7833252,6.8243737,6.8906093,6.947937,7.1228666,7.2772479,7.3092122,7.3408356,7.3244901,7.2682228,7.4707937,7.5234814,7.5553818,7.6108527,7.6568103,7.7882113,7.7882113,7.909122,7.9473252,7.9487386,8.1134262,8.0614872
KHM.21.6_2,107,Siemréab,PrasatBakong,6.6707664,6.6982679,6.8341088,7.2392149,6.7855878,6.8585649,6.8906093,6.8936563,6.9167151,6.9735432,7.1459846,7.1996784,7.1914291,7.2570028,7.3382382,7.4018416,7.4899707,7.603898,7.6704288,7.776535,7.8998952,8.2576447,8.2789364,8.3140974,8.4574432,8.4153824,8.5026884,8.5498543,8.6159515,8.6968441,8.6344423,8.6333752,8.6319494
KHM.21.7_2,108,Siemréab,Puok,7.052721,7.0808678,7.1098795,7.5363641,7.0958934,7.2406497,7.2115569,7.2159748,7.2406497,7.3112183,7.4690838,7.5304799,7.4804282,7.5267177,7.4518223,7.4535618,7.603898,7.6797137,7.730175,7.7332458,7.7613192,7.8288345,7.9473252,7.9898992,8.197814,8.2095804,8.3054838,8.3113985,8.4405279,8.5161924,8.4732409,8.4366341,8.4937201
KHM.21.8_2,109,Siemréab,SiemReap,7.2612252,7.5559049,7.5781455,8.0225687,7.284821,7.3132205,7.3051882,7.5837564,7.6029005,7.6902862,7.7514753,7.8123784,7.8539929,8.4604111,8.5344439,8.6471682,8.7268057,8.8028231,8.8610668,8.8205519,8.8730478,8.8897219,8.9195871,8.9613657,8.9967756,9.0511103,9.1127272,9.1538763,9.1356173,9.181735,9.2240458,9.2408695,9.3128967
KHM.21.9_2,110,Siemréab,SoutrNikom,6.6147256,6.6424866,6.6631327,7.029973,6.6489844,6.7298241,6.7190132,6.7214255,6.7810578,6.8079348,6.8480053,6.9469762,6.9612961,7.0012455,7.077498,7.1106963,7.2506356,7.3271232,7.3765082,7.3889461,7.3920317,7.579679,7.6544433,7.6971211,7.8407063,7.9050727,7.9714308,8.2573853,8.2880316,8.3504295,8.3383055,8.5803556,8.6728287
KHM.22.1_2,111,StœngTrêng,Sesan,6.7867169,6.81564,6.8426833,7.2902927,6.828712,6.8543544,6.8783264,6.8865318,6.9047508,6.9939332,7.0621915,7.1228666,7.1577353,7.2093401,7.2855067,7.3944931,7.4792995,7.5553818,7.5913572,7.5411525,7.5903468,7.5606012,7.5963922,7.623642,7.6741529,7.7244468,7.7811384,7.825645,7.9054418,7.9434276,7.8804264,7.8216434,7.8678713
KHM.22.2_2,112,StœngTrêng,SiemBouk,6.6411819,6.650279,6.6833611,7.130899,6.669498,6.6858611,6.6883545,6.6920838,6.7105231,6.8001699,6.8936563,6.954639,6.9874902,7.0396605,7.115582,7.2240248,7.3349819,7.4109521,7.4217758,7.3827462,7.4295206,7.3963351,7.4318919,7.4253578,7.4894123,7.5432734,7.5678625,7.6275444,7.6797137,7.7266536,7.698029,7.6657534,7.7012
KHM.22.3_2,113,StœngTrêng,SiemPang,6.8079348,6.8511848,6.6758232,7.1260872,6.6618547,6.7068624,6.7357802,6.7475867,6.7580943,6.8469429,6.914731,6.9763479,7.0166097,7.0698743,7.1459846,7.2384968,7.3297496,7.3758821,7.4253578,7.4169798,7.4512415,7.3932629,7.4424925,7.4145727,7.4524026,7.5065918,7.8280382,7.8663387,7.9564767,8.012681,7.9494443,7.9226236,7.9669337
KHM.22.4_2,114,StœngTrêng,StuengTraeng,6.7580943,6.7867169,6.8265452,7.3165483,6.8490663,6.9697905,6.9985094,7.0121155,7.0290875,7.1538339,7.2218356,7.291656,7.3323693,7.3975616,7.4759059,7.5771217,7.6671581,7.5873103,7.6265702,7.5953875,7.6177597,7.521318,7.6601143,7.71913,7.7698011,7.8728361,7.8280382,7.9529667,8.0176373,8.050065,7.9655457,7.9021177,8.0215845
KHM.22.5_2,115,StœngTrêng,ThalaBarivat,6.5072775,6.5352411,6.6372581,7.116394,6.7298241,6.7080841,6.8211074,6.7499313,6.7345915,6.8232861,6.8710914,6.8543544,6.89467,6.9460139,6.9837899,7.1106963,7.1522689,7.2276626,7.2765565,7.2779384,7.3330231,7.2291141,7.297091,7.3238306,7.3472996,7.4018416,7.5730171,7.6004024,7.6966672,7.7248883,7.6492162,7.5893359,7.6473088
KHM.23.1_2,116,SvayRieng,Bavet,6.877296,6.8469429,6.872128,7.3323693,6.9057531,6.9037471,6.9948502,6.9819345,6.9450512,6.9994226,7.068172,7.0698743,7.1685801,7.3258076,7.4018416,7.5400901,7.6103578,7.6722922,7.7553387,7.7471652,7.850493,7.7848892,7.7989335,7.8387375,7.8426714,7.7944112,7.8493237,7.9028573,7.9480319,7.9789963,7.9355874,8.1527739,8.1636562
KHM.23.2_2,117,SvayRieng,Chantrea,6.7080841,6.7345915,6.7615728,7.2689199,6.7475867,6.8012829,6.8906093,6.9077554,6.8824377,7.0422864,7.1284962,7.1831117,7.116394,7.1884127,7.2334552,7.336937,7.2485042,7.1340938,7.133296,7.1507015,7.1608458,7.0273147,7.0791845,7.1123276,7.0596175,7.3511581,7.4581861,7.6605854,7.7574787,7.7894545,7.7968802,7.9697037,8.0189543
KHM.23.3_2,118,SvayRieng,KampongRou,6.5294189,6.5381398,6.5453496,7.0639038,6.558198,6.6871085,6.7286286,6.7684932,6.7945867,6.9450512,7.0210838,7.1090622,7.1115122,7.3024964,7.2902927,7.2689199,7.3152184,7.3951077,7.3543625,7.3594675,7.3588309,7.097549,7.1483459,7.1989312,7.0370278,7.0604763,7.2513452,7.5475016,7.6285176,7.6834035,7.6971211,7.9844627,7.9834399
KHM.23.4_2,119,SvayRieng,RomeasHaek,6.3985949,6.4264884,6.4583383,6.9255953,6.4831076,6.5694814,6.5971456,6.6253924,6.6631327,6.82546,6.9555926,7.0103121,7.0741167,7.0396605,7.1204443,7.2435131,7.202661,7.3336763,7.3708601,7.3613753,7.3588309,7.097549,7.1483459,7.052721,6.9893351,7.167038,7.2370591,7.5310163,7.6638775,7.7488914,7.8236461,7.9755645,7.9807076
KHM.23.5_2,120,SvayRieng,Rumduol,6.3438807,6.4488893,6.5191474,7.0121155,6.5294189,6.4425402,6.5395861,6.4441314,6.4377518,6.558198,6.5191474,6.6227365,6.658011,6.7105231,6.8265452,6.9047508,7.2167096,7.1800699,7.2203736,7.1906762,7.1959372,7.2806973,7.4259539,7.4944301,7.6221747,7.695303,7.6824822,7.8316174,7.9662399,8.000349,8.0655794,8.0567436,7.8909569
KHM.23.6_2,121,SvayRieng,SvayChrum,6.6147256,6.7604146,6.8936563,7.4073176,6.7844572,6.6450911,6.8648477,6.812345,6.8783264,6.7141705,6.82546,6.7604146,6.8046145,6.8700533,6.9077554,7.072422,7.1316986,7.20786,7.2449417,7.2633295,7.2806973,7.3072023,7.3218498,7.4650826,7.4809923,7.5522375,7.5595593,7.8920784,7.9547234,8.012681,8.1794806,8.3723984,8.3202047
KHM.23.7_2,122,SvayRieng,SvayRieng,6.8079348,6.8079348,6.8319535,7.3758821,6.7428808,6.7934661,6.8554087,6.5294189,6.6093493,6.6745615,6.6995006,6.7322106,6.7580943,6.8265452,6.9077554,7.0066953,7.1074257,7.1853871,7.2320104,7.2485042,7.2834482,7.3072023,7.3218498,7.4650826,7.5032897,7.5709586,7.6088705,7.8485436,7.9276853,8.1605186,8.0655794,8.4142742,8.349721
KHM.23.8_2,123,SvayRieng,SvayTeab,6.4645882,6.4937539,6.5132303,7.0596175,6.498282,6.5279579,6.5875502,6.5624442,6.4952655,6.6933236,6.6515718,6.6463904,6.6833611,6.7499313,6.8145428,6.9226437,7.0715733,7.2034054,7.2689199,7.3024964,7.3957214,7.4271441,7.4977617,7.5812097,7.7454357,7.8176255,7.9024873,7.8879595,8.0013552,8.03722,7.9703951,7.9834399,8.0297585
KHM.24.10_2,124,Takêv,Treang,6.7945867,6.7417006,6.767343,7.2363396,6.7056389,6.765039,6.7190132,6.6592941,6.7440591,6.8351846,6.8906093,7.0361485,7.0749631,7.1284962,7.3172126,7.1631722,7.1220598,7.160069,7.2196422,7.2189097,7.2577076,7.3205271,7.4277387,7.4610653,7.448916,7.4289274,7.632401,7.6539693,7.7115488,7.8075099,7.9276853,8.2082195,8.4688425
KHM.24.1_2,125,Takêv,AngkorBorei,6.3225651,6.3801227,6.3767271,6.8752322,6.3919172,6.508769,6.5042882,6.4425402,6.5596151,6.6883545,6.7546039,6.7821922,6.8079348,6.8469429,6.9236288,6.9574976,6.9874902,7.1123276,7.1592917,7.4024515,7.3987861,7.3901815,7.4792995,7.4091363,7.5098829,7.5438027,7.6029005,7.6009026,7.7638712,7.815207,7.5903468,7.629004,7.7744355
KHM.24.2_2,126,Takêv,Bati,6.4150968,6.4661446,6.498282,6.9716687,6.4846354,6.5610309,6.6346335,6.5666723,6.5985088,6.6833611,6.7381525,6.8511848,6.8865318,6.9353704,6.9985094,7.0630484,7.1260872,7.2435131,7.3172126,7.3192024,7.3626451,7.4809923,7.5908523,7.5427437,7.7306142,7.7514753,7.8022094,7.8095412,7.9258804,7.9473252,7.9487386,7.8917046,8.2733364
KHM.24.3_2,127,Takêv,BoreiCholsar,6.5610309,6.5482192,6.5496507,7.0561752,6.5525079,6.5596151,6.558198,6.5847912,6.7310181,6.7007313,6.9027429,6.8936563,6.9469762,7.0057888,7.1475592,7.3556409,7.2548847,7.1808314,7.2626286,7.2363396,7.4377952,7.5878172,7.695303,7.7354336,7.9273243,7.7939992,7.6367521,7.5569506,7.5621614,7.7397943,7.7432699,7.6558642,7.698483
KHM.24.4_2,128,Takêv,DounKaev,6.7742238,6.8167357,6.8501263,7.3594675,6.8648477,7.0103121,6.9363427,6.9167151,6.9314718,7.0596175,7.1268907,7.106606,7.158514,7.2189097,7.3575563,7.266129,7.4730692,7.5490828,7.6009026,7.6401234,7.6912003,7.6549172,7.7200179,7.862112,8.034955,7.9810495,8.0080328,8.0388346,8.1065149,8.2356253,8.1980896,8.0820932,8.1191006
KHM.24.5_2,129,Takêv,KaohAndaet,6.1355648,6.1758671,6.2005091,6.7615728,6.2285109,6.403574,6.2934194,6.4281054,6.4551988,6.5337887,6.5496507,6.6093493,6.6970344,6.7487597,6.8585649,7.04316,7.0647593,7.2063775,7.2348986,7.2668276,7.284821,7.3645473,7.3683395,7.41998,7.4849305,7.6444407,7.6652846,7.7393594,7.857481,7.9186287,7.8943181,7.9490914,8.0643215
KHM.24.6_2,130,Takêv,KiriVong,6.49224,6.4738908,6.498282,6.9669671,6.4199948,6.3851943,6.4393506,6.4313312,6.4377518,6.555357,6.5395861,6.5820251,6.6214056,6.7141705,6.7912216,6.9622436,7.0057888,7.0817084,7.072422,7.1884127,7.2834482,7.3085427,7.3987861,7.5120711,7.5663109,7.556428,7.5501351,7.6834035,7.8682542,7.7714887,7.785305,7.8758793,7.9738445
KHM.24.7_2,131,Takêv,PreyKabbas,6.5308776,6.6012301,6.5694814,7.0475173,6.4567695,6.5998707,6.6732979,6.6541524,6.7627296,6.9137373,7.009409,7.0210838,7.0639038,7.1577353,7.2334552,7.3395376,7.4079242,7.50769,7.5574727,7.6572828,7.8046594,7.8559322,7.8853292,7.9204464,8.0235519,8.0882549,8.111928,8.0904026,8.0398026,8.1922941,8.0643215,7.987864,8.0090303
KHM.24.8_2,132,Takêv,Samraong,6.2785215,6.2304816,6.2461066,6.6515718,6.2025356,6.2952662,6.4567695,6.4393506,6.3080983,6.2766433,6.3699012,6.5792513,6.6187391,6.6707664,6.8090391,6.7405195,7.0003343,7.0396605,7.0596175,6.9517722,6.9957662,7.26473,7.3330231,7.5878172,7.6241307,7.6367521,7.7890406,7.8446326,8.0133429,7.9686656,7.9858246,8.0375433,8.0995541
KHM.24.9_2,133,Takêv,TramKak,6.652863,6.6732979,6.5722823,7.1268907,6.5539336,6.7776465,6.7056389,6.7696419,6.8101425,6.9707303,7.052721,7.0449052,7.0842266,7.1106963,7.1724248,7.3356338,7.2703128,7.3382382,7.36518,7.3975616,7.4690838,7.6750817,7.7066131,7.7097569,7.7668405,7.6962128,7.7310534,7.7540526,7.8066964,7.8883343,7.8551569,7.7257714,8.1191006
KHM.25.1_2,134,TbongKhmum,Dambae,6.3135481,6.363028,6.4551988,6.9584484,6.4409466,6.5834093,6.5971456,6.6745615,6.6605749,6.8501263,6.8966942,7.0492549,7.0501227,7.1049652,7.1708884,7.3594675,7.4324837,7.5164332,7.5569506,7.4707937,7.4933171,7.4500794,7.5822291,7.5153446,7.5299435,7.6123366,7.7371802,7.6024013,7.8563194,7.9193563,8.0264969,8.226306,8.0943785
KHM.25.2_2,135,TbongKhmum,KrouchChhmar,6.7833252,6.5176711,6.5889263,7.0175061,6.5323343,6.5525079,6.5736804,6.6720328,6.568078,6.7334018,6.8669333,6.7487597,6.7475867,6.8405466,7.0139155,7.1074257,7.1220598,7.1861444,7.1921821,7.2598195,7.2570028,7.2689199,7.3498735,7.3132205,7.447751,7.5873103,7.4312997,7.6820216,7.8135915,7.9312849,7.7731738,7.786552,7.8651881
KHM.25.3_2,136,TbongKhmum,Memot,6.5424719,6.616065,6.6253924,7.0352688,6.5482192,6.5496507,6.50279,6.5764694,6.612041,6.7810578,6.9037471,6.933423,6.9726062,7.0076008,7.1292977,7.2758646,7.3771338,7.4529824,7.5054922,7.495542,7.5021863,7.4633632,7.5812097,7.6231532,7.8046594,7.8450246,7.9153481,7.9946322,8.0417347,8.0300837,7.9902382,7.9186287,8.0749607
KHM.25.4_2,137,TbongKhmum,OuReangOv,6.2461066,6.2304816,6.4248691,6.9275579,6.4536252,6.5596151,6.526495,6.5610309,6.6093493,6.7031879,6.8532991,6.985642,7.0282016,7.0282016,7.0800266,7.1951871,7.1921821,7.3125534,7.3870902,7.3613753,7.3938785,7.5663109,7.6605854,7.7115488,7.787797,7.8268423,7.9076514,8.0143356,8.0510225,7.9820747,8.0595922,8.0484686,8.1870213
KHM.25.5_2,138,TbongKhmum,PonheaKraek,6.363028,6.3919172,6.4101748,6.6982679,6.368187,6.5998707,6.5610309,6.612041,6.6333184,6.6541524,6.7250338,6.7957058,6.84375,6.8762646,6.9975958,7.0282016,7.1090622,7.2710085,7.2137685,7.2513452,7.2203736,7.506042,7.8038435,7.846199,7.7777925,7.7689562,7.8312201,7.9662399,8.0848703,8.2602339,8.2305775,8.4156036,8.0346308
KHM.25.6_2,139,TbongKhmum,Suong,7.3258076,7.2122946,7.3105502,7.6948481,7.21524,7.3752556,7.1693501,7.1762547,7.1770186,7.2936978,7.3460102,7.3408356,7.3808789,7.4685135,7.5315523,7.6280313,7.8075099,7.8834462,7.9273243,7.8042512,7.846199,7.972466,8.0580111,8.1007681,7.7406645,7.787797,7.6162834,7.6870804,7.8111634,7.719574,7.7549105,7.8785343,8.1853504
KHM.25.7_2,140,TbongKhmum,TboungKhmum,6.9650803,7.1228666,7.1459846,7.6197243,7.1685801,7.1808314,7.2011709,7.2392149,7.254178,7.3375878,7.4006205,7.4301143,7.4702239,6.9431224,7.0192966,7.0732698,7.1876574,7.26403,7.3987861,7.3815017,7.2334552,7.3472996,7.4650826,7.5186071,7.668561,7.7345591,7.8493237,8.2228222,8.4246387,8.4612579,8.477828,7.8694019,7.8095412
KHM.3.10_2,141,KâmpóngCham,StuengTrang,6.1903152,6.2989492,6.3935909,6.8554087,6.3080983,6.3189683,6.3473892,6.2934194,6.4952655,6.650279,6.7417006,6.753438,6.7129564,6.8046145,6.8762646,6.9450512,6.8875527,6.9650803,6.9641356,6.9517722,6.9246125,6.8855095,7.0817084,7.1396604,7.194437,7.2619271,7.3011479,7.5989003,7.7450027,7.846981,7.9996786,7.9683194,7.9215355
KHM.3.1_2,142,KâmpóngCham,Batheay,6.4216223,6.4504704,6.4831076,6.8855095,6.4692502,6.5708828,6.5944133,6.5998707,6.6346335,6.6883545,6.7499313,6.7202201,6.7604146,6.84375,7.1685801,7.2841349,7.3733745,7.4494982,7.5016346,7.4832444,7.4685135,7.6128311,7.7160153,7.7591872,7.8046594,7.9109573,7.9547234,8.0046997,8.2046719,7.9902382,8.0225687,8.1903543,8.3539677
KHM.3.2_2,143,KâmpóngCham,ChamkarLeu,6.84375,6.872128,6.8956828,7.4187808,6.9565454,7.0175061,6.9669671,6.9574976,6.8178306,6.8596148,6.767343,6.8752322,6.9800758,6.8783264,7.106606,7.2189097,7.2406497,7.2896104,7.3632798,7.3752556,7.4633632,7.6861625,7.7463007,7.8442407,7.7798853,7.7480288,7.6615272,7.7484598,7.8917046,7.9327211,7.8928256,7.8054748,7.8288345
KHM.3.3_2,144,KâmpóngCham,CheungPrey,6.4150968,6.4297194,6.5916739,6.9975958,6.5652652,6.7093043,6.669498,6.7190132,6.7604146,6.8297939,6.8762646,6.9236288,6.9603477,7.0076008,7.0867381,7.145196,7.2413664,7.3145528,7.3821244,7.3677087,7.3864708,7.495542,7.6487398,7.7200179,7.7454357,7.8030267,7.8777761,7.9817333,8.0857944,8.1167154,8.0278025,8.1435175,8.1507568
KHM.3.4_2,145,KâmpóngCham,KampongCham,7.9710855,7.9993429,8.0242071,8.45084,8.0103598,8.0833282,8.1122284,8.1164169,8.1347609,8.2160883,8.2842522,8.3452177,8.3859453,8.4342461,8.510169,8.6237135,8.698514,8.7744675,8.8239422,8.8181858,8.9058514,8.922658,8.9528637,8.9909401,9.0265379,9.0809145,9.142704,9.181735,9.1873789,9.2335682,9.1705599,8.6623316,8.672657
KHM.3.5_2,146,KâmpóngCham,KampongSiem,7.3165483,7.3356338,7.4030609,7.8359747,7.4133673,7.46451,7.495542,7.5021863,7.5032897,7.5938778,7.6727581,7.7248883,7.7651448,7.7744355,7.850493,7.9226236,8.0053673,8.0814753,8.2112112,8.2046719,7.9039655,8.0090303,8.0073671,8.2098522,8.12148,8.1501789,8.246172,8.3206911,8.3970575,8.3378277,8.2947998,8.1980896,8.237215
KHM.3.6_2,147,KâmpóngCham,KangMeas,6.6200733,6.590301,6.6359468,7.2225661,6.6605749,6.8596148,6.8276291,6.9077554,6.9037471,6.9622436,6.9488974,6.9865665,7.029973,7.0698743,7.1428275,7.2861919,7.3031702,7.430707,7.4988699,7.45472,7.5115247,7.5621614,7.6338534,7.7345591,7.7608933,7.8296304,7.8766384,7.9323621,7.9098568,7.8972964,7.8815598,7.9363027,8.0608559
KHM.3.7_2,148,KâmpóngCham,KaohSoutin,7.1276937,7.123673,7.1701198,7.5948844,7.1747241,7.231287,7.254178,7.2456551,7.2633295,7.3336763,7.3479438,7.4366174,7.4792995,7.5379624,7.6143122,7.7016525,7.7931743,7.8563194,7.9058104,7.9138865,7.7402296,7.5299435,7.5683794,7.5740452,7.6750817,7.6367521,7.6093664,7.7371802,7.9669337,8.0789986,8.0215845,7.9363027,8.0730915
KHM.3.8_2,149,KâmpóngCham,PreyChhor,6.3561077,6.3456364,6.329721,6.856462,6.4473057,6.5496507,6.5820251,6.5820251,6.669498,6.7238326,6.7452364,6.933423,6.9735432,7.0475173,7.1188264,7.115582,7.3808789,7.4454174,7.4776044,7.7484598,7.7944112,7.9519114,7.9738445,8.0140047,8.1647949,8.22791,7.6857033,7.7566233,7.83637,7.8659554,7.791523,7.7935867,7.6093664
KHM.3.9_2,150,KâmpóngCham,SreiSanthor,6.1779442,6.2709885,6.2614918,6.590301,6.2859979,6.6821084,6.568078,6.7165947,6.8319535,7.0048819,7.0466471,7.0492549,7.068172,7.0741167,7.2174435,7.2668276,7.4145727,7.4163785,7.4372063,7.3727465,7.4690838,7.6708946,7.6898289,7.7406645,7.7458682,7.6801758,7.7514753,7.7376161,7.6975756,7.8485436,7.9384456,7.8268423,8.0640078
KHM.4.1_2,151,KâmpóngChhnang,Baribour,6.2225761,6.2480431,6.2690964,6.7546039,6.253829,6.2324481,6.302619,6.300786,6.302619,6.4967752,6.5792513,6.6080008,6.6476884,6.7044144,6.7730803,6.8373327,7.0544496,7.0749631,7.1467724,7.192934,7.138073,7.1861444,7.2997975,7.4318919,7.5688958,7.6515956,7.4271441,7.6847839,7.8508825,7.9157133,7.840313,7.9266024,7.8458076
KHM.4.2_2,152,KâmpóngChhnang,CholKiri,6.2952662,6.3225651,6.3421216,6.8319535,6.3279366,6.4377518,6.4101748,6.4551988,6.4738908,6.6437898,6.8265452,6.9077554,7.0048819,7.0264268,7.1024995,7.1974354,7.2520537,7.3594675,7.3957214,7.4061036,7.5448608,7.4413204,7.4576092,7.4163785,7.6118426,7.6123366,7.4679422,7.6473088,8.0326853,8.0033627,8.103797,8.2761402,8.1747026
KHM.4.3_2,153,KâmpóngChhnang,KampongChhnang,6.6066504,6.6306834,6.6476884,7.1800699,6.5875502,6.5834093,6.7093043,6.6758232,6.6359468,6.7945867,6.8895912,6.8522425,6.8690143,6.9285378,7.0048819,7.266129,7.2100797,7.3145528,7.3550019,7.3562799,7.3920317,7.5642385,7.597898,7.6515956,7.7886262,7.8123784,7.8796701,7.9631119,8.0013552,8.1452599,7.9993429,8.0430212,8.0398026
KHM.4.4_2,154,KâmpóngChhnang,KampongLeaeng,6.5708828,6.5985088,6.6605749,7.1561766,6.6463904,6.7719355,6.8145428,6.7867169,6.8057227,6.9206715,6.9884133,7.0656133,7.100852,7.1623974,7.2492151,7.4436636,7.4860525,7.5621614,7.6912003,7.6221747,7.6338534,7.7115488,7.728416,7.7634463,7.7445698,7.8536048,7.9483852,8.0096951,8.1744213,8.0805473,8.0385122,7.8980398,7.9641557
KHM.4.5_2,155,KâmpóngChhnang,KampongTralach,6.6039438,6.7345915,6.7615728,7.0343881,6.6463904,6.7381525,6.8068295,6.8145428,6.7923446,6.8001699,6.9027429,7.0012455,7.0343881,7.2758646,7.3395376,7.3382382,7.4576092,7.5347629,7.5842648,7.5699277,7.502738,7.6152983,7.7124438,7.8062892,8.0423784,8.0677757,8.1368113,7.8332038,8.0060339,8.0449467,8.0196133,8.1385651,8.2190571
KHM.4.6_2,156,KâmpóngChhnang,RoleaB'ier,6.8627577,6.8916259,6.8916259,7.3271232,6.8783264,6.954639,6.9641356,6.9612961,6.9865665,7.0741167,7.1716566,7.2115569,7.2555914,7.3024964,7.3336763,7.3827462,7.5480289,7.6391611,7.6884556,7.6083746,7.6643467,7.7397943,7.8296304,7.8046594,7.7848892,7.8188324,7.858254,7.8939452,7.9080195,8.1122284,8.0000143,8.1274042,8.0033627
KHM.4.7_2,157,KâmpóngChhnang,SameakkiMeanChey,6.7250338,6.767343,6.7957058,7.1966867,6.7821922,6.89467,6.8855095,6.8906093,6.8752322,6.8966942,6.9641356,6.9057531,6.9431224,7.1049652,7.1316986,7.4018416,7.2957349,7.372118,7.3938785,7.3877091,7.4725008,7.5137091,7.4253578,7.4024515,7.5016346,7.5694118,7.6014023,7.7088594,7.7985229,7.8220439,7.800982,7.8410997,7.9973269
KHM.4.8_2,158,KâmpóngChhnang,TonléSap,6.4551988,6.5861716,6.5176711,6.9650803,6.50279,6.617403,6.6463904,6.7141705,6.7214255,6.8001699,6.8926415,6.9127426,6.9527287,6.9047508,6.9847164,7.0925736,7.1770186,7.2598195,7.3125534,7.3152184,7.3601041,7.3078728,7.3427792,7.3858509,7.4506607,7.4838066,7.5928702,7.6304612,7.7345591,7.8512721,7.7882113,7.7956467,7.9102235
KHM.4.9_2,159,KâmpóngChhnang,TuekPhos,6.6012301,6.6280413,6.6039438,7.0934048,6.6039438,6.6567264,6.6995006,6.7031879,6.8057227,6.9285378,6.9966817,7.0449052,7.1300983,7.1098795,7.1861444,7.3098817,7.4018416,7.4650826,7.5032897,7.5010819,7.5304799,7.5342283,7.5411525,7.5852809,7.5427437,7.5207763,7.6727581,7.7115488,7.8758793,7.8939452,7.9423623,8.0103598,8.0949888
KHM.5.1_2,160,KâmpóngSpœ,Aoral,6.9837899,6.9660244,6.9911771,7.4679422,6.9707303,6.9527287,6.9819345,6.985642,7.003974,7.1228666,7.1914291,7.2420826,7.2820735,7.3447189,7.4217758,7.5065918,7.5983992,7.6746173,7.719574,7.6847839,7.6939373,7.6401234,7.5908523,7.6328855,7.6401234,7.7075124,7.780303,7.884953,8.0036974,8.0839453,8.0339823,8.1016779,8.2195959
KHM.5.2_2,161,KâmpóngSpœ,Basedth,6.5985088,6.6147256,6.6267176,7.0317411,6.5778613,6.7405195,6.72263,6.7428808,6.7867169,6.8865318,6.9641356,7.009409,7.0673199,7.1057863,7.1914291,7.2689199,7.379632,7.4558768,7.5196924,7.4587626,7.5109777,7.5781455,7.6463537,7.7354336,7.7608933,7.8868332,7.8586407,8.0684032,7.8905826,7.9370174,7.861342,7.9330797,8.0176373
KHM.5.3_2,162,KâmpóngSpœ,ChbarMon,7.2115569,7.231287,7.303843,7.7349963,7.3883281,7.4389715,7.2056351,7.1228666,7.1220598,7.2327332,7.3011479,7.3664451,7.4061036,7.4558768,7.5320883,7.6834035,7.7133379,7.8991537,7.9483852,7.9543724,7.9490914,8.0196133,8.3959293,8.4385824,8.4900274,8.5446138,8.604105,8.3221512,8.3323088,8.5121803,8.6103191,8.1330004,8.0690289
KHM.5.4_2,163,KâmpóngSpœ,KongPisei,6.9688506,6.9975958,7.0264268,7.4529824,7.0130157,7.0833879,7.2211051,7.2269359,7.2584124,7.3330231,7.4012313,7.4667993,7.5038409,7.6444407,7.6453977,7.8284364,7.9017477,7.3670769,7.4713631,7.3864708,7.4593387,7.5766096,7.6563373,7.698483,7.6648159,7.719574,7.6367521,8.077137,8.1928473,8.3062248,8.235095,8.2466955,8.2560883
KHM.5.5_2,164,KâmpóngSpœ,Odongk,6.5482192,6.6280413,6.6515718,7.0791845,6.689599,6.6808548,6.7546039,6.765039,6.7776465,6.8243737,6.8926415,6.9763479,7.0076008,7.0483866,7.115582,7.1546154,7.2744794,7.1921821,7.2203736,7.2004247,7.3132205,7.3877091,7.4972072,7.4977617,7.5857887,7.58883,7.7345591,7.8304257,7.987864,8.02388,7.9871845,8.2965469,8.5171928
KHM.5.6_2,165,KâmpóngSpœ,PhnumSruoch,6.4723463,6.5424719,6.5889263,6.8814111,6.4997869,6.6489844,6.652863,6.7334018,6.7310181,6.7522702,6.8211074,6.8762646,6.9157233,6.9498563,7.0175061,7.1716566,7.231287,7.2997975,7.3827462,7.3975616,7.4500794,7.5288692,7.5652752,7.6889133,7.7561955,7.8188324,7.9294868,7.9168077,7.8216434,7.9024873,7.7689562,7.8969245,7.8991537
KHM.5.7_2,166,KâmpóngSpœ,SamraongTong,7.106606,7.1340938,7.1974354,7.6549172,7.1831117,7.2435131,7.2570028,7.3969488,7.3951077,7.4730692,7.6275444,7.6063876,7.6468315,7.7840571,7.7993436,7.2696166,7.46451,7.5406218,7.3802557,7.3870902,7.4229712,7.5606012,7.635304,7.6778636,7.635787,7.6921134,7.6638775,7.8686371,7.9936199,8.0783777,8.0762043,8.1545,8.1539249
KHM.5.8_2,167,KâmpóngSpœ,Thpong,6.5220928,6.558198,6.617403,7.1000271,6.6106958,6.669498,6.6995006,6.6995006,6.72263,6.8297939,6.8977051,6.9517722,6.9911771,7.0587583,7.1522689,7.3172126,7.3907986,7.4564548,7.4960976,7.5158892,7.5363641,7.5186071,7.6525459,7.6962128,7.6333694,7.6847839,7.8477626,7.8617272,7.9116907,7.9571772,7.8732171,8.0006847,8.0359268
KHM.6.1_2,168,KâmpóngThum,Baray,6.7464123,6.7968235,6.8200164,7.254178,6.7546039,6.6970344,6.6080008,6.5806394,6.5750756,6.7019606,6.7381525,6.7968235,6.8752322,6.9603477,7.0405364,7.0867381,7.3537221,7.4061036,7.4541411,7.4024515,7.4395595,7.5115247,7.6708946,7.700748,7.8701658,7.9915924,8.0734034,8.1738577,8.2464342,8.2013855,8.1312361,7.9441376,7.9662399
KHM.6.2_2,169,KâmpóngThum,KampongSvay,6.2595816,6.3225651,6.3473892,6.8068295,6.3171649,6.368187,6.4216223,6.4520488,6.617403,6.7557688,6.8532991,6.8997231,6.9382844,6.9236288,6.9837899,6.9107509,7.0282016,7.1284962,7.138073,7.1098795,7.2341771,7.2240248,7.2875605,7.3733745,7.4259539,7.579679,7.6381984,7.7270947,7.986845,8.0202703,7.9655457,7.9983354,8.0130119
KHM.6.3_2,170,KâmpóngThum,PrasatBallangk,6.5439119,6.5722823,6.6012301,7.0457764,6.5916739,6.7093043,6.7381525,6.7417006,6.7569323,6.84588,6.9097533,6.9498563,6.9874902,7.0308576,7.0892429,7.231287,7.3045158,7.3714895,7.4430785,7.4656553,7.5120711,7.6093664,7.7200179,7.8095412,7.7968802,7.8958082,7.9437828,8.033658,8.1050053,8.1559362,8.070281,8.1956091,8.1662159
KHM.6.4_2,171,KâmpóngThum,PrasatSambour,6.4831076,6.5117455,6.5381398,7.0210838,6.5235624,6.6450911,6.6618547,6.6770835,6.6858611,6.856462,6.9498563,6.9772816,7.0057888,7.077498,7.0808678,7.2668276,7.2174435,7.3185396,7.3172126,7.2841349,7.3388882,7.2591162,7.3251491,7.377759,7.4877338,7.5637197,7.6769371,7.6852436,7.8216434,7.84659,7.9142523,8.0684032,8.0455885
KHM.6.5_2,172,KâmpóngThum,Sandan,6.3117347,6.338594,6.3818159,6.8308744,6.3526292,6.4150968,6.4425402,6.4846354,6.4661446,6.5381398,6.767343,6.8501263,6.7322106,6.7742238,6.8501263,6.9574976,7.1396604,7.2159748,7.2513452,7.3277807,7.3733745,7.3185396,7.36518,7.4079242,7.46451,7.5038409,7.5642385,7.6787891,7.776535,7.8264432,7.7972913,7.8204393,7.8751192
KHM.6.6_2,173,KâmpóngThum,Santuk,6.2709885,6.2989492,6.2576675,6.6411819,6.0776424,6.3647509,6.2146082,6.4101748,6.4085288,6.6293631,6.7031879,6.7787848,6.8669333,6.9517722,6.9911771,7.2247534,7.20786,7.2834482,7.3225102,7.4079242,7.3790083,7.345365,7.3414841,7.4662275,7.4719319,7.5098829,7.5938778,7.6852436,7.8332038,7.8883343,7.7861366,7.8954358,8.0140047
KHM.6.7_2,174,KâmpóngThum,Stoung,6.2952662,6.3225651,6.4345465,6.9087548,6.4199948,6.4937539,6.4002576,6.4134588,6.4738908,6.6437898,6.856462,6.9087548,6.9488974,6.9716687,7.1024995,7.2130318,7.2744794,7.3479438,7.4018416,7.4211774,7.4776044,7.544332,7.5054922,7.4994235,7.509335,7.6270576,7.7119966,7.6152983,7.7811384,7.9765954,7.940228,8.1605186,8.184514
KHM.6.8_2,175,KâmpóngThum,StuengSaen,6.6732979,6.7452364,6.7684932,7.2964134,6.7878451,6.8035054,6.8330317,6.689599,6.7405195,6.765039,6.7696419,6.81564,6.8554087,7.113956,7.1906762,7.2115569,7.4175806,7.690743,7.7608933,7.36518,7.3815017,7.5637197,7.6671581,7.6415644,7.668561,7.6834035,7.8091354,7.9345136,8.0023594,7.8046594,7.6704288,7.8520503,7.8671055
KHM.6.9_2,176,KâmpóngThum,TonléSap,6.5381398,6.5666723,6.6320019,7.0800266,6.617403,6.6385679,6.6669569,6.6720328,6.6592941,6.6846118,6.753438,6.8012829,6.8585649,6.9167151,6.9874902,7.0958934,7.0535855,7.2710085,7.3085427,7.3178763,7.3569183,7.2413664,7.2997975,7.3051882,7.3758821,7.3957214,7.5600805,7.6202149,7.7075124,7.8320141,7.761745,7.7786303,7.8984113
KHM.7.1_2,177,Kâmpôt,AngkorChey,6.7684932,6.6489844,6.6858611,7.1530519,6.6372581,6.5666723,6.6424866,6.605298,6.5971456,6.7298241,6.7627296,6.7990561,6.7522702,6.8068295,6.8824377,6.9763479,7.1316986,7.2605224,7.2820735,7.3065314,7.3336763,7.4006205,7.6004024,7.6255951,7.6425242,7.6847839,7.9226236,8.0998583,8.3277264,8.3296585,8.1516218,8.1622314,7.9824162
KHM.7.2_2,178,Kâmpôt,BanteayMeas,6.5220928,6.555357,6.5424719,7.0414119,6.5944133,6.5875502,6.6147256,6.6240654,6.6359468,6.7867169,6.9087548,6.9744787,7.0264268,7.052721,7.130899,7.2056351,7.2320104,7.3178763,7.3601041,7.2203736,7.2276626,7.3920317,7.4736371,7.4401464,7.552762,7.6591716,7.8375545,7.6123366,7.6128311,7.7471652,7.7292957,7.6943927,7.6815605
KHM.7.3_2,179,Kâmpôt,Chhuk,6.4216223,6.49224,6.5147128,7.0130157,6.5102582,6.5337887,6.5381398,6.6333184,6.6200733,6.7945867,6.7990561,6.944087,6.8997231,6.81564,7.0066953,7.0783415,7.2591162,7.2363396,7.2159748,7.2145042,7.2334552,7.2889276,7.4312997,7.4662275,7.5422134,7.5948844,7.6699619,7.780303,7.84659,7.8838234,7.7956467,7.9222612,7.8747392
KHM.7.4_2,180,Kâmpôt,ChumKiri,6.5792513,6.5750756,6.5998707,7.1172056,6.5847912,6.669498,6.6707664,6.6732979,6.6871085,6.8710914,6.856462,6.9498563,6.9874902,7.0405364,7.116394,7.26473,7.3244901,7.3969488,7.4217758,7.4067106,7.3858509,7.426549,7.4259539,7.4518223,7.556428,7.635304,7.7393594,7.8042512,7.8777761,7.9266024,7.7997532,8.148735,8.2945499
KHM.7.5_2,181,Kâmpôt,DangTong,6.3985949,6.4264884,6.4676986,6.9688506,6.4488893,6.4861608,6.5539336,6.5638556,6.5510802,6.7661915,6.877296,7.0157123,6.9791451,7.0715733,7.0647593,7.0613341,7.1996784,7.1914291,7.2456551,7.2751722,7.2930179,7.5224004,7.4593387,7.495542,7.5903468,7.50769,7.6468315,7.624619,7.8252454,7.8062892,7.8458076,7.7819734,7.8857055
KHM.7.6_2,182,Kâmpôt,KampongTrach,6.5610309,6.5889263,6.6227365,7.1074257,6.6025877,6.6106958,6.7105231,6.6605749,6.6398759,6.8101425,6.9007306,6.8926415,6.9508147,6.9304948,7.0021558,7.1260872,7.1499166,7.2011709,7.2167096,7.2291141,7.2159748,7.5294065,7.6275444,7.6033993,7.6875386,7.6820216,7.7761154,7.6506448,7.894691,7.7873821,7.7540526,7.9337969,7.8107581
KHM.7.7_2,183,Kâmpôt,Kampot,6.856462,6.8844867,6.9087548,7.3907986,6.89467,6.8090391,6.9650803,6.944087,6.8416157,6.9508147,7.0192966,7.0867381,7.2019162,7.3098817,7.377759,7.3765082,7.5501351,7.635787,7.7651448,7.7613192,7.7977018,7.8597994,7.8857055,8.0026941,8.0006847,8.0655794,8.0873327,7.9986715,8.0662079,8.0618019,7.9986715,8.0297585,8.1836767
KHM.7.8_2,184,Kâmpôt,TuekChhou,6.6682281,6.6957989,6.7202201,7.2225661,6.7056389,6.7452364,6.6758232,6.658011,6.8448153,6.9697905,7.097549,7.1483459,7.194437,7.2562971,7.3251491,7.3382382,7.5087872,7.5847731,7.6487398,7.5438027,7.5352969,7.5893359,7.6884556,7.7410989,7.7328076,7.7886262,7.9142523,8.0646362,7.9669337,8.0414133,7.9783111,8.1379805,8.1455498
KHM.8.10_2,185,Kândal,S'ang,7.138073,7.166266,7.1996784,7.5923662,7.1428275,6.9641356,6.937314,7.1115122,7.1260872,7.1467724,7.2145042,7.1459846,7.4460015,7.4042792,7.4719319,7.7182407,7.7262125,7.9366603,7.9854841,7.8920784,7.8617272,7.8965526,7.9452009,8.0300837,8.0323601,8.0867176,8.2524462,8.2443342,8.4298906,8.5471401,8.4840498,8.4281435,8.4542532
KHM.8.11_2,186,Kândal,TaKhmau,8.1507568,8.1789198,8.2041254,8.638525,8.1900768,8.2586813,8.2877798,8.292799,8.3101692,8.3977337,8.4658995,8.5267477,8.5669355,8.6157703,8.6918182,8.8029737,8.8826694,8.9587975,9.0082245,9.0020857,9.0557899,9.0731449,9.1029778,9.0744057,9.128479,9.1827641,9.25033,9.2977104,9.2976179,9.3438215,9.2807989,9.297802,9.3227758
KHM.8.1_2,187,Kândal,AngkSnuol,6.6808548,6.694562,6.7878451,7.1747241,6.7604146,6.8384051,6.880384,6.8638034,6.9517722,7.0842266,7.1514854,7.1838708,7.2689199,7.2997975,7.3336763,7.5704432,8.030735,8.1068163,8.3454552,8.3591347,8.401782,8.5326729,8.5735731,8.6157703,8.7271299,8.7815552,8.8500872,8.6635418,8.7303677,8.8428936,8.7682629,8.777401,8.8095646
KHM.8.2_2,188,Kândal,KandalStueng,6.8319535,6.9669671,7.0518556,7.4905295,7.075809,7.1082439,7.2056351,7.2100797,7.2283883,7.3105502,7.3783836,7.5903468,7.6299758,7.714231,7.8379488,8.0192842,8.206584,8.286521,8.3359108,8.340456,8.4803219,8.4782448,8.5193911,8.7033405,8.6909781,8.7452841,8.6425915,8.6083126,8.6759052,8.6518993,8.6909781,8.7784796,8.7701283
KHM.8.3_2,189,Kândal,KaohThum,6.3952618,6.6908422,6.5666723,7.1364832,6.6385679,6.5235624,6.5889263,6.6200733,6.6359468,6.8265452,6.8243737,6.9902563,7.0396605,7.1024995,7.192934,7.1831117,7.3447189,7.5016346,7.6231532,7.5719886,7.6425242,7.7642961,7.7997532,7.8481531,8.0281286,8.1772346,8.0640078,8.1458397,8.0522966,8.2136526,8.1385651,8.0674629,8.0516596
KHM.8.4_2,190,Kândal,KhsachKandal,7.3343291,7.3626451,7.3395376,7.7752757,7.3258076,7.4241652,7.5427437,7.284821,7.3024964,7.374002,7.4424925,7.5032897,7.5169773,7.6473088,7.7164607,7.9641557,7.7579064,7.8339963,7.8834462,7.8890843,7.9459095,8.0526152,8.0907087,8.1330004,8.3907223,8.4688425,8.5596781,8.6583452,8.6946697,8.7487812,8.6308794,8.7395363,8.6499739
KHM.8.5_2,191,Kândal,KienSvay,6.7056389,6.7381525,6.8865318,7.467371,7.0361485,7.3802557,7.5240216,7.5153446,7.5326238,7.63868,7.7066131,7.7710671,7.7706451,7.785305,7.8609562,7.9592757,8.0510225,8.0130119,8.0780678,8.1056089,8.1696196,8.2382727,8.364275,8.4067087,8.4329414,8.3918571,8.4788685,8.6084957,8.6487474,8.7364893,8.672657,8.1676359,8.2493134
KHM.8.6_2,192,Kândal,LeukDaek,6.6605749,6.6450911,6.6745615,7.1823521,6.7007313,6.7357802,6.6411819,6.7165947,6.7867169,6.9255953,7.0621915,7.0800266,6.9772816,7.1701198,7.2115569,7.2427979,7.3238306,7.4024515,7.4372063,7.3883281,7.8636513,7.9284062,7.932003,7.9582272,7.9522634,7.9395151,8.0106916,7.8943181,7.9983354,8.0510225,7.9370174,8.0222406,8.0955992
KHM.8.7_2,193,Kândal,LveaAem,7.7989335,7.8272409,7.8512721,8.2758856,7.8371596,7.909122,7.9380889,7.9423623,7.9273243,8.0073671,8.0752716,8.177516,8.2174387,8.2656498,8.3445053,8.4111662,8.5350332,8.6110477,8.6616402,8.6557369,8.6951723,8.7109489,8.7395363,9.0008535,9.0367012,9.0909939,9.1528168,9.1873789,9.1870718,9.2316122,9.1684761,9.187686,9.2030134
KHM.8.8_2,194,Kândal,MukhKampul,6.5352411,6.5722823,6.5930448,6.8490663,6.3647509,6.4754329,6.50279,6.49224,6.526495,6.612041,6.6770835,6.9295168,6.9660244,7.009409,7.0850644,7.2063775,7.2506356,7.4713631,7.5207763,7.5224004,7.5678625,7.6857033,7.7735944,7.9124231,7.977282,8.0291071,8.0907087,8.0690289,8.1699028,8.2038517,8.1452599,8.1170139,8.1101265
KHM.8.9_2,195,Kândal,PonheaLueu,6.765039,6.8046145,6.9057531,7.3758821,6.8575139,6.9186954,6.9939332,6.9994226,6.9819345,7.0983758,7.1708884,7.1996784,7.2717037,7.2298388,7.3152184,7.4330754,7.4849305,7.5652752,7.6148052,7.6843243,7.7328076,7.8367648,7.846981,7.8894591,7.9098568,7.9641557,8.1116285,8.0526152,8.1662159,8.1527739,8.0983391,8.0407686,8.0907087
KHM.9.1_2,196,KaôhKong,BotumSakor,6.7310181,6.7475867,6.779922,7.2327332,6.7696419,6.7934661,6.8221974,6.8068295,6.8243737,6.9137373,6.9819345,7.04316,7.077498,7.134891,7.2435131,7.3581939,7.4229712,7.5501351,7.5725031,7.5791678,7.6088705,7.6861625,7.7297354,7.776535,7.8268423,7.9247961,7.9700494,7.9912539,8.0946836,8.1122284,8.0983391,8.0808563,8.1131268
KHM.9.2_2,197,KaôhKong,KaohKong,6.6267176,6.6541524,6.6871085,7.134891,6.6732979,6.689599,6.7190132,6.7238326,6.8731637,6.9622436,7.0308576,7.091742,7.1300983,7.181592,7.2577076,7.3581939,7.4430785,7.5191498,7.5532866,7.518064,7.5647569,7.5310163,7.5668283,7.5963922,7.6643467,7.6921134,7.731492,7.8079166,7.8597994,7.911324,7.8826923,7.8555446,7.8902082
KHM.9.3_2,198,KaôhKong,KhemaraPhoumin,6.3767271,6.2934194,6.3885612,6.828712,6.5279579,6.4599047,6.5482192,6.650279,6.7765069,6.8405466,6.8596148,6.8532991,6.89467,6.7661915,6.8416157,7.0290875,6.8167357,6.8606639,6.9450512,6.9017372,7.0139155,7.1106963,7.21524,7.2834482,7.4483337,7.5606012,7.5908523,7.6975756,7.7358704,7.8347883,7.7935867,7.9888821,8.1330004
KHM.9.4_2,199,KaôhKong,KiriSakor,6.6463904,6.6745615,6.7007313,7.1483459,6.6858611,6.7044144,6.7334018,6.7569323,6.7742238,6.8638034,6.9314718,6.9930153,7.0326242,7.076654,7.1530519,7.2570028,7.3244901,7.4000096,7.4500794,7.4419069,7.4815559,7.5104303,7.558517,7.6024013,7.6487398,7.780303,7.8434563,7.9193563,8.0583277,8.0986433,8.030735,8.0671492,8.0833282
KHM.9.5_2,200,KaôhKong,MondolSeima,6.3969297,6.1903152,6.3403592,6.7546039,6.4504704,6.403574,6.4907236,6.4377518,6.2422233,6.4150968,6.568078,6.7019606,6.7475867,6.8710914,6.947937,6.9865665,7.075809,7.1204443,7.2868762,7.3264656,7.3537221,7.3783836,7.4006205,7.4821191,7.4949861,7.5411525,7.601902,7.7836404,7.9054418,7.9127893,7.8830695,7.8762589,7.8119736
KHM.9.6_2,201,KaôhKong,SraeAmbel,6.4876842,6.5102582,6.5806394,7.0892429,6.5624442,6.5861716,6.6147256,6.6359468,6.669498,6.7990561,6.8134446,6.8648477,6.8490663,6.9037471,6.9948502,7.1388669,7.1577353,7.2463679,7.3271232,7.3447189,7.4006205,7.4054956,7.4301143,7.6367521,7.6586995,7.7111011,7.8887095,8.0391569,8.1391487,8.2060375,8.1303539,8.1783581,8.1510448
KHM.9.7_2,202,KaôhKong,ThmaBang,6.7833252,6.8112445,6.8384051,7.2875605,6.8243737,6.8511848,6.8793559,6.8844867,6.9027429,6.9911771,7.0596175,7.1204443,7.1522689,7.2056351,7.2820735,7.3907986,7.4759059,7.5657935,7.6152983,7.5663109,7.6157908,7.5817199,7.6172676,7.6596432,7.695303,7.7497535,7.8079166,7.8328075,7.9105906,7.9638081,7.9006367,7.8617272,7.8943181
