GID_2,id,province,district,trend400_ln_y1990,trend400_ln_y1991,trend400_ln_y1992,trend400_ln_y1993,trend400_ln_y1994,trend400_ln_y1995,trend400_ln_y1996,trend400_ln_y1997,trend400_ln_y1998,trend400_ln_y1999,trend400_ln_y2000,trend400_ln_y2001,trend400_ln_y2002,trend400_ln_y2003,trend400_ln_y2004,trend400_ln_y2005,trend400_ln_y2006,trend400_ln_y2007,trend400_ln_y2008,trend400_ln_y2009,trend400_ln_y2010,trend400_ln_y2011,trend400_ln_y2012,trend400_ln_y2013,trend400_ln_y2014,trend400_ln_y2015,trend400_ln_y2016,trend400_ln_y2017,trend400_ln_y2018,trend400_ln_y2019,trend400_ln_y2020,trend400_ln_y2021,trend400_ln_y2022
KHM.1.1_2,1,BântéayMéanchey,Malai,6.428658,6.4625793,6.4967198,6.531558,6.5675278,6.6060672,6.6482897,6.694983,6.7466116,6.8032684,6.8645701,6.9300303,6.9991088,7.0710688,7.1448388,7.2189732,7.2922077,7.363636,7.4326806,7.4990296,7.5624452,7.6226392,7.6791,7.7314157,7.7792215,7.8223057,7.8607049,7.8947968,7.9254179,7.9534988,7.979897,8.0054531,8.0307531
KHM.1.2_2,2,BântéayMéanchey,MongkolBorei,7.0728068,7.1144967,7.1559544,7.1966839,7.2363024,7.2755299,7.3149662,7.3551149,7.3963575,7.438828,7.4823475,7.5266919,7.5716529,7.6170259,7.6626039,7.7082214,7.7538095,7.7991381,7.843895,7.887794,7.9308019,7.9730325,8.014554,8.0551119,8.0941496,8.1309643,8.1648903,8.1958055,8.2239752,8.2497234,8.2737732,8.2969866,8.3200121
KHM.1.3_2,3,BântéayMéanchey,OuChrov,7.5799642,7.604713,7.629385,7.6538386,7.677865,7.7022123,7.7274055,7.7538767,7.7819877,7.8114457,7.8418541,7.8727779,7.9038692,7.9348035,7.965302,7.9951744,8.0244341,8.053381,8.0827332,8.1131706,8.1451902,8.1790085,8.2146168,8.2518215,8.2902603,8.3294315,8.368803,8.407856,8.4458961,8.4824791,8.5175171,8.5514383,8.585001
KHM.1.4_2,4,BântéayMéanchey,PaoyPaet,7.1861162,7.1741867,7.1625471,7.1518183,7.1429925,7.138545,7.1406722,7.151083,7.1710734,7.2014441,7.2424259,7.2937679,7.3547926,7.424686,7.5025039,7.5870514,7.6768422,7.7700553,7.8646736,7.9590774,8.0517206,8.1416206,8.2281065,8.3108969,8.3899994,8.465601,8.5380163,8.6075583,8.6746683,8.7399244,8.8039579,8.867444,8.9307394
KHM.1.5_2,5,BântéayMéanchey,PhnumSrok,6.4590869,6.4965916,6.5341101,6.5716529,6.6091895,6.6478167,6.6883736,6.7314892,6.7775817,6.8267293,6.8785563,6.9325471,6.9881949,7.0450139,7.1025152,7.1600909,7.2170997,7.2730212,7.327745,7.3815885,7.4350615,7.4887633,7.5432754,7.5990067,7.6561904,7.7148571,7.774929,7.8362021,7.8984408,7.9612851,8.0243855,8.0876341,8.1508684
KHM.1.6_2,6,BântéayMéanchey,PreahNetrPreah,6.60569,6.6253128,6.6448898,6.6643534,6.6836543,6.7038131,6.7257366,6.7501163,6.7777209,6.809175,6.8449311,6.8851719,6.9297729,6.9782782,7.0301189,7.0848012,7.1418834,7.2011638,7.2625766,7.3262315,7.3923416,7.4608688,7.5313787,7.6032572,7.6761875,7.7499352,7.8244162,7.8996286,7.9755549,8.0521688,8.129487,8.2075138,8.2859783
KHM.1.7_2,7,BântéayMéanchey,SereiSaophoan,7.5556269,7.5768833,7.598145,7.6194367,7.6408157,7.663403,7.6882076,7.7162209,7.7482867,7.7849803,7.8265419,7.8728805,7.9236417,7.9783206,8.0361366,8.0960331,8.1567144,8.2166281,8.2745686,8.3297215,8.381629,8.4300613,8.4747763,8.5154409,8.5516958,8.5831518,8.6094093,8.6301537,8.6454172,8.655756,8.6623678,8.6670313,8.6711407
KHM.1.8_2,8,BântéayMéanchey,SvayChek,6.500668,6.5299506,6.5592422,6.5885611,6.6180787,6.6487908,6.6813974,6.7165999,6.7549291,6.7966704,6.8420086,6.8909783,6.9435239,6.9992924,7.0576024,7.1173968,7.1772861,7.2362428,7.2934847,7.3484678,7.4008555,7.4503922,7.4969463,7.54071,7.5821753,7.6217546,7.6596942,7.6961894,7.7314196,7.7654924,7.7987261,7.831562,7.8642673
KHM.1.9_2,9,BântéayMéanchey,ThmaPuok,6.4894691,6.5269237,6.5643859,6.6018457,6.6392369,6.6776032,6.7176976,6.7600837,6.8051414,6.852963,6.9033108,6.9558125,7.009984,7.0653315,7.1213179,7.1773667,7.2329106,7.2875662,7.3411655,7.3936982,7.4452863,7.4960341,7.5461016,7.5957952,7.6454277,7.6950674,7.7446399,7.7940116,7.8430076,7.8914576,7.939487,7.9872913,8.0349855
KHM.10.1_2,10,Kep,DamnakChang'aeur,6.4253349,6.462584,6.4998312,6.537097,6.574389,6.6128936,6.653573,6.6971693,6.744247,6.795042,6.8493905,6.9069767,6.9673667,7.0300326,7.0942988,7.1593738,7.2243857,7.2884912,7.3512197,7.4124613,7.4722681,7.5307183,7.5877824,7.6434612,7.6978664,7.7511058,7.8031726,7.8540206,7.9036813,7.9522204,7.9999571,8.0472574,8.0943193
KHM.10.2_2,11,Kep,Kaeb,6.4340611,6.4663715,6.4986796,6.5309691,6.5631528,6.5962143,6.6308694,6.6675763,6.7066197,6.7480726,6.7917461,6.8374457,6.8847599,6.9333701,6.9830441,7.0333381,7.0837865,7.1339974,7.1837597,7.2331786,7.2824378,7.3318725,7.3816824,7.432117,7.4834414,7.5357881,7.5891328,7.6433086,7.6981268,7.7533002,7.8087435,7.8645697,7.9205685
KHM.11.1_2,12,Krâchéh,ChetrBorei,6.3919916,6.4393048,6.4866257,6.5339751,6.5813298,6.6297493,6.6798396,6.7322264,6.7873988,6.845612,6.9067984,6.9706869,7.0368075,7.1045103,7.1728983,7.2410865,7.3081727,7.3732448,7.4354811,7.4941988,7.548954,7.5995278,7.6457925,7.6877098,7.7252607,7.7585688,7.7879653,7.8140316,7.8374929,7.8589168,7.8789549,7.8982415,7.9172492
KHM.11.2_2,13,Krâchéh,Chhloung,6.3869119,6.4435287,6.5002522,6.5572267,6.6145072,6.67314,6.7337642,6.7969208,6.8629413,6.9318638,7.0032396,7.0763683,7.1504488,7.2245922,7.2977805,7.3689561,7.4371099,7.5015116,7.5616379,7.6171565,7.6678052,7.7134495,7.7539911,7.7894254,7.8197103,7.8449636,7.8654208,7.881464,7.8936706,7.9026136,7.9091105,7.9142118,7.9188194
KHM.11.3_2,14,Krâchéh,Kracheh,6.6592321,6.7084403,6.7576008,6.8064499,6.8544536,6.9020219,6.949142,6.9959168,7.0423875,7.0885954,7.1341524,7.1786618,7.2216897,7.2628193,7.3016405,7.3378358,7.3712721,7.4022212,7.4309459,7.4578128,7.4831648,7.5071988,7.5300837,7.5520535,7.5733285,7.5941229,7.6146111,7.6349521,7.6554585,7.6764317,7.6977878,7.7196212,7.7417111
KHM.11.4_2,15,Krâchéh,PrekPrasab,6.4115343,6.4589767,6.5064483,6.5539575,6.6014423,6.6498919,6.6999536,6.7521667,6.8069849,6.8645911,6.9247823,6.9870892,7.050776,7.1151257,7.1793914,7.2427573,7.3043299,7.3633161,7.4191704,7.4716763,7.5208902,7.5670495,7.6104712,7.6514654,7.6902981,7.7272897,7.7627535,7.7970538,7.8303103,7.8624258,7.8935537,7.9241285,7.9545135
KHM.11.5_2,16,Krâchéh,Sambour,6.5039244,6.5293527,6.5547709,6.5801644,6.6055217,6.6318893,6.6601539,6.6909952,6.7248912,6.7620516,6.8023758,6.8455863,6.8912935,6.9390454,6.9883099,7.0384645,7.0888796,7.1390467,7.1887021,7.237813,7.2865644,7.3352528,7.3842797,7.4339514,7.4844375,7.5357547,7.58781,7.6404471,7.6934586,7.7465453,7.7996001,7.8526888,7.9057684
KHM.11.6_2,17,Krâchéh,Snuol,6.836555,6.870481,6.9044256,6.9384022,6.9724112,7.0075083,7.044486,7.0839019,7.1260915,7.1710935,7.2185855,7.2680664,7.3189073,7.3703804,7.4215961,7.4714456,7.5186639,7.5620246,7.600441,7.6332211,7.6600924,7.6812267,7.6970921,7.7082567,7.7154326,7.7195292,7.7214813,7.7220879,7.7219596,7.7214279,7.7208648,7.7204919,7.7202191
KHM.12.1_2,18,KrongPailin,Pailin,6.6024733,6.6257272,6.6493387,6.6740232,6.7003021,6.7294068,6.7621384,6.7988439,6.8394489,6.8834443,6.929985,6.9782567,7.0276256,7.0775385,7.127315,7.1763473,7.224124,7.2707829,7.316905,7.3633237,7.4108548,7.4603148,7.512569,7.5683336,7.6280694,7.6919489,7.7597232,7.830729,7.9041743,7.9792118,8.0548363,8.1307068,8.2066746
KHM.12.2_2,19,KrongPailin,SalaKrau,6.8277669,6.8345437,6.8412733,6.8478732,6.8542848,6.8615556,6.8705449,6.8820076,6.8967991,6.9157114,6.939446,6.9684811,7.0028567,7.0421319,7.0855784,7.1322126,7.1807003,7.2297678,7.2783775,7.3260331,7.3727384,7.4187512,7.4645495,7.5110769,7.5593724,7.6104321,7.664772,7.7224383,7.7831955,7.846621,7.9118342,7.9780746,8.0445051
KHM.13.1_2,20,KrongPreahSihanouk,KampongSeila,6.560462,6.5973172,6.6342125,6.6712513,6.708571,6.7473807,6.7884674,6.8324852,6.8799281,6.9308681,6.9848838,7.0414987,7.1003032,7.1608806,7.2227569,7.2853184,7.3478436,7.4096437,7.4702864,7.5296245,7.5877609,7.644958,7.7015386,7.7578287,7.8141546,7.8708248,7.9280739,7.9859362,8.0444536,8.1036053,8.1632872,8.2234211,8.2836647
KHM.13.2_2,21,KrongPreahSihanouk,PreahSihanouk,8.1094942,8.1438446,8.178194,8.2125263,8.2467813,8.2818565,8.3183994,8.3568926,8.3976336,8.4407711,8.4862452,8.5338993,8.5835381,8.6348381,8.6873331,8.7404013,8.7933292,8.8454533,8.8962278,8.9453135,8.9925756,9.0379457,9.0814362,9.1230736,9.1628637,9.2007895,9.2368526,9.2711077,9.3037148,9.3349762,9.3652582,9.3950281,9.4246235
KHM.13.3_2,22,KrongPreahSihanouk,PreyNob,6.5463905,6.6008077,6.6549768,6.708611,6.7613711,6.8137717,6.8659458,6.9177012,6.9690495,7.0200901,7.0709262,7.1217027,7.1726508,7.224052,7.2761579,7.3290858,7.3828869,7.4377069,7.4937372,7.5512705,7.6106172,7.671977,7.7354112,7.8010235,7.8688812,7.9388399,8.0106049,8.0836582,8.1573238,8.2307196,8.3035049,8.3758163,8.4478941
KHM.13.4_2,23,KrongPreahSihanouk,StuengHav,6.5595508,6.5865588,6.6135702,6.640605,6.667769,6.6962423,6.7268596,6.7602782,6.7970185,6.8373938,6.8814592,6.929009,6.9796467,7.0328984,7.0881615,7.1448865,7.2026153,7.2613182,7.3213811,7.3836498,7.4489522,7.5179558,7.5911894,7.6690221,7.751555,7.8385701,7.9295292,8.0234575,8.119091,8.2151623,8.3111105,8.4068956,8.5025711
KHM.14.1_2,24,MôndólKiri,KaevSeima,6.7838111,6.8052139,6.8265285,6.8475966,6.8682003,6.8891325,6.9109907,6.9341822,6.9589438,6.9852958,7.0130215,7.0418253,7.0714173,7.1015906,7.1322184,7.1633043,7.1949401,7.2270885,7.2598176,7.2934127,7.3283043,7.3649693,7.4039798,7.4457593,7.4905519,7.5384164,7.5892572,7.6427584,7.6983991,7.7554398,7.8131223,7.87115,7.9293365
KHM.14.2_2,25,MôndólKiri,KaohNheaek,6.7504883,6.7560506,6.7616806,6.767571,6.7740917,6.7828994,6.7952456,6.8119884,6.8336363,6.8603187,6.8917742,6.9275055,6.9668746,7.0091634,7.0535555,7.0991645,7.1451125,7.1906872,7.2354579,7.2793512,7.3226175,7.3655581,7.408535,7.4517317,7.4951382,7.5385447,7.5815411,7.6238236,7.6652255,7.7056713,7.7452116,7.7841897,7.8229847
KHM.14.3_2,26,MôndólKiri,OuReang,6.7247176,6.74157,6.7584858,6.7755303,6.7928047,6.8115091,6.8327494,6.8573728,6.8859863,6.9189234,6.9562087,6.9976311,7.04282,7.0912952,7.1424541,7.1955805,7.2499056,7.3047452,7.3595829,7.4141207,7.4683242,7.5222955,7.5762401,7.6302981,7.6845331,7.7388916,7.79322,7.8472595,7.9008083,7.9537687,8.0062094,8.0583687,8.1104622
KHM.14.4_2,27,MôndólKiri,PechChreada,6.7752252,6.7957487,6.816329,6.8370647,6.8581114,6.8807635,6.9060745,6.9348531,6.9676332,7.0046144,7.0456266,7.0902638,7.1379294,7.1879206,7.2394037,7.2914762,7.3432279,7.393899,7.4429646,7.49014,7.5353703,7.5787334,7.6204309,7.6607413,7.7000065,7.7383804,7.7758474,7.8122606,7.8475189,7.8815732,7.9145999,7.9470062,7.979188
KHM.14.5_2,28,MôndólKiri,SaenMonourom,6.6128807,6.6274943,6.6419349,6.6558928,6.6691518,6.6826382,6.6972356,6.7138648,6.733335,6.7563066,6.7831259,6.8139853,6.8490314,6.8882585,6.9315329,6.9785256,7.028801,7.0818048,7.1369572,7.1937981,7.2520108,7.3112159,7.3710375,7.4310026,7.4905419,7.5490413,7.6059599,7.6611195,7.714519,7.7662773,7.8166604,7.8661513,7.9152966
KHM.15.1_2,29,OtdarMeanChey,AnlongVeaeng,6.8039966,6.8226538,6.8412485,6.8596797,6.8778305,6.8966327,6.9168639,6.9391093,6.9637809,6.9910765,7.020936,7.0531893,7.0876527,7.1242037,7.1627774,7.2034044,7.2460198,7.2906308,7.3374419,7.3868237,7.4395518,7.4965363,7.5582824,7.6247959,7.6960173,7.7719202,7.8523588,7.9368129,8.0238218,8.1118164,8.1997976,8.2875185,8.3750658
KHM.15.2_2,30,OtdarMeanChey,BanteayAmpil,6.781651,6.8058448,6.8300452,6.8542767,6.878582,6.9041266,6.9319096,6.9628053,6.9974661,7.0362902,7.0793161,7.1263471,7.1770139,7.2308187,7.2870998,7.3450422,7.4037356,7.462317,7.5200663,7.5765514,7.6315856,7.6850648,7.7369032,7.7870049,7.835309,7.8818822,7.9268565,7.9704223,8.0126963,8.0538216,8.0941229,8.1340256,8.1738195
KHM.15.3_2,31,OtdarMeanChey,ChongKal,6.5294414,6.5645695,6.5997729,6.6351151,6.670558,6.7069759,6.7449751,6.7850995,6.8278084,6.8734365,6.9221296,6.9738765,7.0285549,7.085906,7.1454902,7.2066875,7.2687445,7.3309722,7.3927746,7.4537473,7.5136995,7.5725222,7.6301284,7.6865921,7.7419682,7.7962604,7.8493729,7.9011087,7.9513931,8.0002003,8.0478239,8.0947618,8.1414337
KHM.15.4_2,32,OtdarMeanChey,Samraong,6.4562368,6.4788504,6.5014572,6.5241184,6.5469017,6.5709414,6.5972018,6.6266603,6.6601896,6.6984696,6.7418027,6.7902575,6.8436933,6.9017916,6.9640794,7.0299129,7.0985141,7.1689191,7.2400465,7.310854,7.3803978,7.4477639,7.5122366,7.5733705,7.630928,7.6850352,7.7359943,7.7842731,7.8304472,7.8749523,7.9182215,7.9608574,8.0032463
KHM.15.5_2,33,OtdarMeanChey,TrapeangPrasat,6.728157,6.750576,6.7729325,6.7951217,6.8169999,6.8394542,6.8631897,6.8887305,6.9164276,6.9464746,6.9788156,7.0132933,7.0497389,7.0880389,7.1281433,7.1699858,7.2135735,7.2591567,7.3069501,7.3571815,7.4100752,7.4656067,7.5235567,7.5834198,7.645031,7.708571,7.7742958,7.842464,7.9130678,7.9855604,8.0588465,8.13237,8.2059031
KHM.16.10_2,34,PhnomPenh,RusseyKeo,8.0438547,8.0752954,8.1067276,8.1381254,8.1694317,8.2015238,8.2350569,8.2705412,8.3083334,8.3485565,8.3910522,8.4354992,8.481473,8.528492,8.576004,8.6233549,8.6698608,8.7149782,8.7583885,8.8000746,8.8403387,8.8793764,8.9173765,8.9544611,8.9906445,9.0258484,9.0599585,9.0928688,9.1245699,9.1551828,9.1849432,9.2142391,9.2433767
KHM.16.11_2,35,PhnomPenh,Saensokh,7.881587,7.9147525,7.9479299,7.9811316,8.0143471,8.0485382,8.084444,8.1226721,8.1636791,8.2076912,8.2546415,8.3042831,8.3562365,8.4100237,8.4650364,8.5205145,8.5755978,8.6294737,8.681448,8.7309952,8.7777548,8.8213854,8.8616381,8.8982897,8.9311132,8.9598866,8.9844542,9.0047903,9.0210619,9.0336971,9.0434093,9.0512695,9.0585279
KHM.16.12_2,36,PhnomPenh,TuolKouk,7.6605577,7.6937418,7.7269344,7.7601395,7.7933345,7.8274784,7.8633003,7.9013968,7.9422116,7.9859514,8.0325289,8.0816727,8.1329794,8.1859465,8.2399445,8.2942123,8.3479109,8.4002819,8.4507179,8.4988203,8.5443974,8.5873241,8.6275635,8.6650991,8.6998997,8.7319326,8.7612123,8.7878561,8.8121767,8.834734,8.8560886,8.8768339,8.8973808
KHM.16.1_2,37,PhnomPenh,ChamkarMon,7.687418,7.72574,7.7641664,7.8028817,7.8421164,7.8830948,7.9268575,7.9743142,8.0262032,8.082984,8.1447573,8.2113352,8.2822618,8.3567953,8.4338341,8.5118227,8.5887432,8.6629992,8.7334223,8.7992744,8.860199,8.9160328,8.9668427,9.0128279,9.0542374,9.0913563,9.1245518,9.154315,9.1813478,9.2063303,9.2299147,9.252779,9.275404
KHM.16.2_2,38,PhnomPenh,ChbarAmpov,8.1489773,8.1816978,8.2144232,8.2471504,8.279851,8.3134756,8.3487501,8.3862629,8.4264507,8.4695139,8.5153627,8.5637283,8.6142168,8.6663427,8.7195034,8.7729683,8.8259382,8.8776875,8.9276361,8.9754019,9.0208082,9.0637426,9.1041803,9.1421204,9.1775599,9.2105026,9.2410059,9.2692394,9.2955694,9.3204374,9.3442879,9.3676224,9.3907881
KHM.16.3_2,39,PhnomPenh,ChraoyChongvar,8.0720692,8.1060762,8.1400919,8.1741104,8.2080917,8.2429628,8.2794113,8.317975,8.3590221,8.4027185,8.448966,8.4975185,8.5480328,8.6001024,8.6531553,8.7065277,8.7595224,8.8115559,8.8622246,8.9113646,8.9590483,9.0053701,9.0504637,9.0944271,9.137289,9.1790504,9.2197161,9.2593184,9.2979898,9.3359842,9.3735695,9.4110498,9.448514
KHM.16.4_2,40,PhnomPenh,Dangkao,8.078866,8.1117315,8.1445904,8.1774168,8.2101688,8.2437811,8.2789755,8.3163395,8.3563156,8.3991175,8.4446745,8.4927416,8.5429583,8.5948792,8.6479483,8.7014942,8.7547827,8.8071604,8.8581266,8.9073877,8.954855,9.0004854,9.0443068,9.0863562,9.1266384,9.1651278,9.2018023,9.2366858,9.2699213,9.3018055,9.3327036,9.3630857,9.3932905
KHM.16.5_2,41,PhnomPenh,DounPenh,7.7175493,7.7482681,7.779016,7.8098454,7.8408189,7.8729739,7.9071684,7.9441543,7.9845614,8.0288172,8.0770922,8.129406,8.1856766,8.2457438,8.30933,8.3759756,8.4450769,8.5159874,8.5880585,8.6606445,8.7330475,8.8043213,8.87323,8.9389505,9.0009422,9.0588856,9.1126757,9.1624165,9.2084475,9.2513456,9.2918835,9.3310337,9.369709
KHM.16.6_2,42,PhnomPenh,MeanChey,7.9101734,7.943254,7.9763498,8.0094805,8.0426455,8.0768013,8.1126862,8.1509056,8.1919203,8.2359591,8.282959,8.3326778,8.3847418,8.4386778,8.4938822,8.5495758,8.6048555,8.658927,8.7111616,8.761157,8.8087225,8.8537416,8.8962393,8.9363194,8.974123,9.0098381,9.0436125,9.075593,9.105979,9.135047,9.1631508,9.1907473,9.218174
KHM.16.7_2,43,PhnomPenh,PraekPnov,7.5688133,7.5973268,7.6257157,7.653883,7.6817231,7.7101388,7.7398505,7.7715273,7.805778,7.8430095,7.8832707,7.9263482,7.9719443,8.0197201,8.0692959,8.1200819,8.1713409,8.222333,8.2724943,8.3215628,8.3695984,8.4166203,8.4626455,8.5077343,8.5519876,8.5955095,8.6384163,8.6807432,8.722497,8.7637548,8.8047199,8.8455811,8.8864613
KHM.16.8_2,44,PhnomPenh,PrampirMeakkakra,7.9441624,7.972404,8.0006475,8.0288963,8.0571461,8.0863733,8.1173716,8.1508541,8.1874504,8.2274876,8.2709417,8.3175564,8.3669052,8.4184294,8.4714117,8.5249643,8.5780802,8.6297913,8.6792421,8.7257423,8.7687731,8.8078461,8.8425884,8.8726873,8.897872,8.917943,8.9328489,8.9427729,8.9482222,8.9501162,8.9498453,8.9485369,8.9469061
KHM.16.9_2,45,PhnomPenh,PurSenChey,7.7270179,7.7585688,7.7901249,7.8216901,7.8532486,7.8857312,7.9198589,7.956213,7.9952226,8.0370827,8.0817051,8.1288319,8.1780891,8.2290297,8.2811031,8.3336239,8.385828,8.4370222,8.4866524,8.5343657,8.5800152,8.6235161,8.6648788,8.7041264,8.7412415,8.7761736,8.8088942,8.8394489,8.8680372,8.8950605,8.9209614,8.9462729,8.9713879
KHM.17.1_2,46,Pouthisat,Bakan,6.4907055,6.5219102,6.5530496,6.5840659,6.6148868,6.6465683,6.6800051,6.7159572,6.7550907,6.7979336,6.8446398,6.8951187,6.9488659,7.005116,7.0631328,7.1221328,7.1813297,7.2400618,7.2978897,7.3547187,7.4107623,7.4665341,7.5227342,7.5800438,7.6389666,7.6997285,7.7622833,7.8265257,7.8923254,7.9597096,8.0284691,8.0981674,8.1681337
KHM.17.2_2,47,Pouthisat,Kandieng,6.4091473,6.4299779,6.4509001,6.4720044,6.4933844,6.5162606,6.5415616,6.5699673,6.6018119,6.6370316,6.6753173,6.7163415,6.7598829,6.8057089,6.8534837,6.9028111,6.9533014,7.0048432,7.0573807,7.1109681,7.16574,7.2219424,7.2798195,7.3392997,7.3998914,7.4610372,7.5222015,7.5831137,7.6434488,7.7029018,7.7615094,7.8195791,7.8775234
KHM.17.3_2,48,Pouthisat,Krakor,6.5462513,6.5930972,6.6399517,6.6867847,6.7334809,6.7809296,6.8296661,6.8801165,6.9325981,6.9871678,7.0435615,7.1012745,7.1595793,7.2174978,7.2739673,7.3279629,7.3785353,7.4250093,7.4669676,7.5043106,7.5372205,7.5661535,7.5918303,7.6149721,7.6363301,7.6568065,7.6772056,7.6980839,7.7196112,7.7416248,7.7639213,7.7864294,7.809052
KHM.17.4_2,49,Pouthisat,PhnumKravanh,6.6295419,6.673286,6.7170558,6.7608647,6.8046632,6.8494525,6.8959169,6.9446678,6.9960551,7.0500584,7.1063428,7.1644168,7.2236891,7.2834406,7.3427773,7.4007959,7.4566298,7.5095105,7.5589151,7.6045671,7.646276,7.6838627,7.7173429,7.7468252,7.7724881,7.7945185,7.813179,7.828969,7.8423257,7.8535891,7.8632436,7.8718643,7.8800473
KHM.17.5_2,50,Pouthisat,Pursat,6.3841829,6.4059467,6.427784,6.4498024,6.4721437,6.4962087,6.5232058,6.5541291,6.5897584,6.630518,6.6764278,6.7273378,6.7829871,6.8430042,6.9069295,6.9742432,7.0443645,7.1167865,7.1910644,7.2669034,7.3441548,7.422514,7.5014892,7.5804958,7.6594048,7.73843,7.8179207,7.8980465,7.9787002,8.0596857,8.1408262,8.2221546,8.3033972
KHM.17.6_2,51,Pouthisat,TonléSap,6.412744,6.4506874,6.4886856,6.5268235,6.5651917,6.6048656,6.6465483,6.6907525,6.7378759,6.7879925,6.8407764,6.8956027,6.9515533,7.0077877,7.06353,7.118042,7.1706791,7.2210402,7.2688537,7.3141856,7.3573279,7.3986826,7.4386182,7.4773574,7.5150599,7.5518193,7.5876889,7.6226401,7.6566334,7.6894884,7.7212682,7.7523389,7.7831759
KHM.17.7_2,52,Pouthisat,VealVeaeng,6.7386737,6.7636504,6.7887096,6.8138027,6.8388748,6.8649235,6.892817,6.9232883,6.9569144,6.9940495,7.0347781,7.0790076,7.1264443,7.1766124,7.2288904,7.2825203,7.3366671,7.3905506,7.4435096,7.4951544,7.5453467,7.5940242,7.6412425,7.6870837,7.7316165,7.7750015,7.8174839,7.8591046,7.8997474,7.9393034,7.9779172,8.016058,8.0540791
KHM.18.1_2,53,PreahVihéar,CheySaen,6.5546465,6.5827417,6.6108065,6.6387811,6.6665874,6.6951709,6.7252679,6.7574406,6.7920732,6.8293052,6.8689847,6.9107995,6.9543505,6.9991975,7.0448318,7.0906959,7.136198,7.1807947,7.2241788,7.2663608,7.307682,7.3485579,7.3894858,7.4308352,7.4728332,7.5155649,7.5589981,7.6029634,7.6471829,7.6912732,7.7350984,7.7787867,7.8224325
KHM.18.2_2,54,PreahVihéar,Chhaeb,6.6514745,6.6780019,6.7045264,6.7310109,6.7573843,6.784595,6.8133903,6.8443093,6.8776531,6.9134231,6.9513531,6.9910445,7.032023,7.0737414,7.1155782,7.1568637,7.1970005,7.2355876,7.2723365,7.3071656,7.340229,7.3718281,7.4024429,7.4323621,7.4617229,7.4905443,7.5187693,7.5463276,7.5731478,7.5991688,7.6244521,7.6492729,7.6738977
KHM.18.3_2,55,PreahVihéar,ChoamKsant,6.6981602,6.7224464,6.74685,6.771616,6.7971487,6.8247623,6.8554606,6.8899059,6.9284177,6.9708953,7.0167704,7.0651231,7.1147394,7.1644711,7.213213,7.2599015,7.3035865,7.3435831,7.3795791,7.4116883,7.4404845,7.466794,7.4913745,7.5147691,7.5372767,7.5589991,7.5799212,7.5999923,7.6190877,7.6371527,7.6543732,7.6710768,7.6875825
KHM.18.4_2,56,PreahVihéar,Kuleaen,6.6584282,6.6815152,6.7046862,6.7280889,6.7519541,6.7775817,6.8061123,6.83846,6.8753147,6.9170747,6.9637985,7.0151887,7.0706496,7.1293554,7.1904235,7.2529087,7.3158479,7.378366,7.4398007,7.4997368,7.5579848,7.6144872,7.6692948,7.7224631,7.774044,7.8241177,7.8728046,7.9201503,7.9662051,8.011076,8.0550394,8.0985289,8.141922
KHM.18.5_2,57,PreahVihéar,PreahVihear,6.7268729,6.7496581,6.7725902,6.7959886,6.8199449,6.8454647,6.873157,6.9034796,6.9367146,6.9729023,7.0117521,7.0528479,7.0957198,7.1397948,7.1844721,7.229023,7.2726827,7.3148465,7.3551679,7.3935742,7.4301519,7.4650278,7.4983597,7.5302234,7.5607934,7.5904279,7.6194906,7.6482782,7.6768918,7.705277,7.7333508,7.7612481,7.7890863
KHM.18.6_2,58,PreahVihéar,Rovieng,6.6179662,6.6434731,6.6689849,6.6945214,6.720077,6.7466788,6.7751665,6.8061643,6.8400826,6.8770499,6.9168735,6.9591718,7.0034428,7.0491138,7.09551,7.1418729,7.1874304,7.231554,7.2738252,7.3141108,7.3525863,7.3895178,7.425261,7.4600472,7.4939771,7.5270381,7.5591817,7.5904593,7.6210294,7.6509566,7.6803727,7.7095604,7.7387314
KHM.18.7_2,59,PreahVihéar,SangkumThmei,6.5443463,6.5717187,6.5990787,6.6264024,6.6536603,6.6818714,6.7118797,6.7443089,6.7795658,6.817842,6.8589973,6.9026871,6.9484262,6.9956374,7.0436316,7.0916872,7.1391177,7.185421,7.2303953,7.2742128,7.3172302,7.3598971,7.4027634,7.4462223,7.4905109,7.5357141,7.5818172,7.6287265,7.6761966,7.7239861,7.7719598,7.820086,7.8683386
KHM.18.8_2,60,PreahVihéar,TbaengMeanChey,6.4943428,6.515183,6.5359874,6.556704,6.5772719,6.5986919,6.6218138,6.6473007,6.6757097,6.7074342,6.7426805,6.7816157,6.824266,6.8705759,6.9203129,6.9730463,7.0282125,7.0853171,7.1439705,7.2039976,7.2654133,7.3282313,7.392395,7.4576516,7.5237961,7.5906148,7.6578069,7.7249937,7.7920098,7.8586516,7.9248066,7.9906073,8.0563116
KHM.19.10_2,61,PreyVêng,PreyVeng,6.573257,6.6107187,6.6482944,6.6861639,6.7245317,6.7647033,6.8077312,6.854485,6.905601,6.9613709,7.0215893,7.085722,7.1530237,7.2227101,7.2938781,7.3653898,7.4359903,7.5042305,7.5686989,7.6284952,7.683248,7.7329121,7.7777457,7.8181567,7.8546405,7.8876934,7.917901,7.9458728,7.9720521,7.9967761,8.0205183,8.0437965,8.0669928
KHM.19.11_2,62,PreyVêng,PurRieng,6.7180285,6.7525544,6.7871337,6.8217773,6.8564792,6.8923135,6.9301252,6.9705248,7.0139112,7.0603266,7.1093254,7.1603136,7.2126465,7.2657561,7.3190422,7.3718829,7.4235773,7.4734764,7.5212593,7.5669312,7.6107278,7.6530638,7.694272,7.7346492,7.774435,7.8138881,7.8532038,7.8923845,7.9311123,7.9690561,8.0060596,8.0423632,8.0782642
KHM.19.12_2,63,PreyVêng,SithorKandal,6.7552543,6.7754683,6.7957273,6.8160052,6.8362012,6.8576026,6.8813381,6.9084382,6.9398508,6.9762921,7.0180368,7.0651069,7.1173005,7.1741743,7.2349253,7.2984705,7.3634624,7.4287133,7.4931788,7.5559793,7.6162686,7.6732974,7.7263565,7.7751269,7.8197837,7.8607612,7.8987064,7.9342232,7.967967,8.0003586,8.0318298,8.0627947,8.0935392
KHM.19.13_2,64,PreyVêng,SvayAntor,6.210197,6.251286,6.2925124,6.3340211,6.3759675,6.4196439,6.4661283,6.5160642,6.569736,6.6268296,6.6865578,6.7482915,6.8116679,6.8763685,6.9420395,7.0082498,7.0745158,7.1404357,7.205533,7.2693753,7.3315554,7.3916459,7.4493589,7.504787,7.5581079,7.609664,7.659852,7.7092261,7.7584858,7.8080778,7.8582783,7.90903,7.9600916
KHM.19.1_2,65,PreyVêng,BaPhnum,6.6115041,6.6438498,6.6762505,6.7087598,6.7413774,6.7749767,6.810163,6.8474731,6.8873825,6.9302187,6.9760857,7.025022,7.0769343,7.1316037,7.1886463,7.2474618,7.3072791,7.3672504,7.4266791,7.4850678,7.542068,7.597353,7.6505384,7.7014661,7.75003,7.7961078,7.8395777,7.8804336,7.9188151,7.9550438,7.9897881,8.0239,8.0578499
KHM.19.2_2,66,PreyVêng,KamchayMear,6.3377857,6.3719301,6.406116,6.4404097,6.4748707,6.5106435,6.5486937,6.5896959,6.6340127,6.6816006,6.7319403,6.7844191,6.8385229,6.8938026,6.9498625,7.0063434,7.0629048,7.1194811,7.1761918,7.233345,7.2912464,7.3501401,7.4101076,7.4708834,7.5321031,7.5934806,7.6547651,7.7157903,7.7766509,7.8373537,7.8979888,7.9586692,8.0194921
KHM.19.3_2,67,PreyVêng,KampongTrabaek,6.741179,6.7679782,6.7948108,6.8217182,6.8487501,6.8769264,6.9070234,6.9396601,6.9752264,7.0138826,7.0554938,7.0998106,7.1465297,7.1953087,7.24575,7.2974038,7.3498344,7.402719,7.4557996,7.5089321,7.5621252,7.6153541,7.6685333,7.7213144,7.7731314,7.823482,7.8721476,7.919126,7.9645796,8.008729,8.0518475,8.0942974,8.1363697
KHM.19.4_2,68,PreyVêng,Kanhchriech,6.3706007,6.4104304,6.450284,6.4901633,6.5299597,6.57057,6.6126561,6.6568313,6.7035933,6.7532539,6.8058882,6.8614745,6.9201322,6.981895,7.0466642,7.1139474,7.1829195,7.2527452,7.3224359,7.3913894,7.4592476,7.5257931,7.590939,7.6543221,7.7155414,7.7741809,7.8301415,7.8833842,7.9342461,7.9832973,8.0311794,8.0785494,8.1256723
KHM.19.5_2,69,PreyVêng,MeSang,6.2992606,6.34093,6.3826885,6.4246941,6.4670424,6.510879,6.5569887,6.6058798,6.6577091,6.7122145,6.7684464,6.8252306,6.8812284,6.9350209,6.9857197,7.0329299,7.0768332,7.1181545,7.1577492,7.1966567,7.2358832,7.2765126,7.3194723,7.3652825,7.4141431,7.4658628,7.5196991,7.5747313,7.630343,7.6859651,7.7412305,7.7961602,7.8508849
KHM.19.6_2,70,PreyVêng,PeaReang,6.3643875,6.402669,6.4410973,6.4798183,6.5189362,6.5597262,6.6032243,6.6503682,6.7018895,6.7582026,6.8193417,6.8851218,6.955164,7.0291057,7.1064739,7.1866322,7.2688441,7.3519316,7.43468,7.5157585,7.5941186,7.6686316,7.7380185,7.8013287,7.8582587,7.9090352,7.9543247,7.994956,8.0319586,8.066391,8.0992088,8.1313105,8.1631908
KHM.19.7_2,71,PreyVêng,PeamChor,6.583416,6.6159387,6.6484194,6.6807966,6.7128873,6.7455907,6.7794032,6.8144884,6.8508124,6.8885374,6.9276633,6.9683051,7.0106521,7.0551467,7.1022515,7.1523547,7.2059112,7.2629104,7.3231277,7.3861237,7.4513202,7.5176692,7.5842352,7.6500378,7.7138858,7.774755,7.8318548,7.884738,7.9335203,7.978662,8.0210295,8.0617704,8.1017714
KHM.19.8_2,72,PreyVêng,PeamRo,7.1802106,7.1533194,7.1265502,7.100287,7.0745783,7.0505934,7.0295353,7.0129042,7.0019011,6.9973674,6.9999051,7.0101104,7.0287786,7.0566306,7.0935402,7.138648,7.1905689,7.2478552,7.3093777,7.3744063,7.4424734,7.5131311,7.5857172,7.6596007,7.7342606,7.8090734,7.8834047,7.9567518,8.0291147,8.100914,8.172534,8.2443762,8.316431
KHM.19.9_2,73,PreyVêng,PreahSdach,6.1421337,6.1900692,6.2383127,6.2873073,6.3376198,6.3908572,6.4482632,6.5106754,6.5785809,6.6522365,6.7311392,6.814209,6.8998222,6.9858384,7.0705748,7.152729,7.2314668,7.3063555,7.3772888,7.4444275,7.5079126,7.5677667,7.6236463,7.6754546,7.7232823,7.7674198,7.8084188,7.8470216,7.8836732,7.9188862,7.9531293,7.986917,8.0204954
KHM.2.10_2,74,Batdâmbâng,RukhKiri,6.4613571,6.4959974,6.5306687,6.5654349,6.6003671,6.636632,6.6751757,6.7167344,6.7617145,6.8101802,6.8617215,6.9157457,6.9716306,7.0287194,7.0862398,7.1432753,7.1989737,7.2526484,7.3039002,7.3525763,7.3988562,7.4430938,7.4857869,7.5277653,7.5698991,7.6127472,7.6567225,7.7022114,7.7492061,7.7972741,7.8462,7.8958163,7.9458194
KHM.2.11_2,75,Batdâmbâng,Samlout,6.7518587,6.7804885,6.8091717,6.8380122,6.8671627,6.8977528,6.930656,6.9665108,7.0057912,7.0487247,7.0952454,7.1451077,7.1979427,7.2532845,7.3105445,7.3690219,7.4279432,7.4865346,7.5442638,7.6008124,7.6560526,7.7098985,7.7622824,7.8131256,7.8624177,7.9102564,7.9567857,8.0020962,8.0462523,8.0893002,8.131422,8.1730375,8.2144756
KHM.2.12_2,76,Batdâmbâng,SampovLun,6.7349596,6.7416754,6.748312,6.754828,6.7611208,6.7682695,6.7771602,6.7886057,6.8032236,6.8215137,6.8437786,6.8703008,6.9012628,6.9365339,6.9756465,7.0179291,7.0624442,7.1083064,7.1550918,7.2028689,7.2522264,7.3040376,7.3589835,7.4169474,7.4775982,7.5406203,7.6053343,7.6709538,7.7362561,7.8006516,7.8639383,7.9263086,7.988276
KHM.2.13_2,77,Batdâmbâng,Sangkae,7.8344893,7.864727,7.894876,7.9247537,7.9540682,7.9834056,8.0130606,8.0431404,8.0735664,8.1040068,8.1338491,8.162323,8.1885948,8.211853,8.2313395,8.246418,8.2567263,8.2624321,8.2644024,8.2643852,8.2651281,8.2686329,8.2762642,8.2887793,8.3064337,8.3290596,8.3560324,8.3863497,8.4186287,8.4521408,8.486805,8.5224915,8.5587778
KHM.2.14_2,78,Batdâmbâng,ThmaKoul,7.0159245,7.0586767,7.1012716,7.143404,7.1845999,7.2251196,7.2648001,7.3034596,7.3408833,7.3766932,7.4103999,7.4414787,7.46944,7.4939303,7.5147557,7.5319791,7.5462322,7.5587606,7.5715556,7.5875115,7.6088109,7.6369905,7.6729131,7.7170367,7.7695341,7.8301625,7.8981686,7.9724483,8.0513248,8.1330042,8.2162514,8.3003778,8.3847752
KHM.2.15_2,79,Batdâmbâng,TonléSap,6.8306074,6.8606877,6.8907952,6.9209785,6.9513235,6.9828968,7.0165029,7.0527172,7.0919876,7.1345086,7.1801748,7.2287688,7.2800059,7.3335772,7.3890533,7.4459352,7.5035472,7.561141,7.6180091,7.6736984,7.727951,7.7806239,7.8317547,7.8814964,7.9299979,7.9773746,8.0236349,8.0686998,8.1125078,8.1551142,8.1967649,8.2379084,8.2788935
KHM.2.1_2,80,Batdâmbâng,AekPhnum,6.793901,6.8206544,6.8474212,6.874228,6.9010992,6.9291759,6.959456,6.9928021,7.029933,7.071362,7.1173396,7.1678972,7.2228913,7.2820354,7.3448844,7.4108477,7.4792347,7.549439,7.6209016,7.6930447,7.7653565,7.8372941,7.9081979,7.977653,8.0455494,8.1119804,8.1771221,8.2412271,8.3044405,8.3670168,8.4291735,8.4911623,8.5531912
KHM.2.2_2,81,Batdâmbâng,Banan,6.3944306,6.4436288,6.4930682,6.5432067,6.5946093,6.6487985,6.7070637,6.7704215,6.8396735,6.9153986,6.9977145,7.0862474,7.1802135,7.2786074,7.380085,7.4828405,7.5845432,7.6828942,7.7757339,7.8615484,7.9393044,8.0086193,8.0695133,8.1223736,8.1678944,8.207098,8.2413378,8.2720852,8.3009329,8.3289566,8.3567991,8.3848286,8.4130096
KHM.2.3_2,82,Batdâmbâng,Battambang,8.0389309,8.0716763,8.1044331,8.1372118,8.1699991,8.2037592,8.2392368,8.2770424,8.3176394,8.3612633,8.4078579,8.4571953,8.5089216,8.5625954,8.61765,8.6733875,8.7290325,8.7839308,8.8376045,8.8898087,8.9405212,8.9897957,9.0377703,9.0845871,9.1303511,9.1751165,9.2189074,9.2617426,9.3036919,9.3448839,9.3853979,9.4255257,9.4655113
KHM.2.4_2,83,Batdâmbâng,Bavel,6.2726746,6.3238807,6.3751936,6.4267654,6.4787097,6.5321765,6.587935,6.6462564,6.707046,6.769722,6.8332992,6.8969817,6.9600172,7.0218039,7.0819259,7.1401043,7.1962409,7.250514,7.3032374,7.3549776,7.4064894,7.4585047,7.51162,7.5662265,7.6224747,7.6801114,7.7387404,7.7978721,7.8569522,7.9156923,7.9741302,8.0324688,8.0906734
KHM.2.5_2,84,Batdâmbâng,Kamrieng,6.8079004,6.8214173,6.8348041,6.8478513,6.8602705,6.8727889,6.8860226,6.9005661,6.9170346,6.935957,6.9578314,6.983243,7.0129347,7.0474386,7.0866866,7.1301022,7.1765242,7.2245269,7.272862,7.3208246,7.3684478,7.4161968,7.4646297,7.5145955,7.5670166,7.6227479,7.6818852,7.7439089,7.8083129,7.8745413,7.9416847,8.0090103,8.0762949
KHM.2.6_2,85,Batdâmbâng,KoasKrala,6.7462764,6.7728815,6.7993674,6.8255959,6.8514109,6.8777509,6.9053421,6.9347982,6.9666452,7.0012608,7.0387979,7.079186,7.1222067,7.1675434,7.2147522,7.2632437,7.3123155,7.3613214,7.4097295,7.457191,7.5035338,7.5487018,7.592773,7.6357555,7.6775866,7.7181168,7.7571688,7.7945795,7.8303146,7.8644791,7.897532,7.9299631,7.9621816
KHM.2.7_2,86,Batdâmbâng,MoungRuessei,6.7006474,6.7329407,6.7652187,6.7974405,6.8295531,6.8623633,6.8964577,6.9323816,6.9706459,7.0116572,7.0556188,7.1025262,7.1523113,7.204659,7.2589846,7.3144193,7.3699274,7.4247437,7.4779029,7.528585,7.5761628,7.6200886,7.659874,7.6952181,7.7261801,7.753077,7.7765303,7.797543,7.8175344,7.8372426,7.8570728,7.8773136,7.8977995
KHM.2.8_2,87,Batdâmbâng,PhnumProek,6.8483543,6.8702111,6.8919773,6.913444,6.9343739,6.9555564,6.9775524,7.0008397,7.0259347,7.0533757,7.0836501,7.1172338,7.1544156,7.1951332,7.2388697,7.2847643,7.3317018,7.3783469,7.4234495,7.4661784,7.5061827,7.5434899,7.5784693,7.6116877,7.6440973,7.6767864,7.7109103,7.7471843,7.7861056,7.8277097,7.8715253,7.9168649,7.962934
KHM.2.9_2,88,Batdâmbâng,RotonakMondol,6.7417436,6.7478456,6.7538514,6.7597332,6.7655792,6.7726908,6.7822733,6.7955794,6.8137217,6.837389,6.866837,6.9020796,6.9429789,6.9893131,7.0406809,7.0963264,7.155282,7.2165771,7.279285,7.3426194,7.405901,7.4686422,7.5304971,7.5912538,7.6507158,7.7086167,7.7646751,7.8186555,7.8706183,7.9208241,7.9697452,8.0179958,8.0661354
KHM.20.1_2,89,Rôtânôkiri,AndoungMeas,6.749896,6.7763729,6.8028297,6.8292284,6.8555112,6.8826547,6.911448,6.9424887,6.9761844,7.0126867,7.0518508,7.0933652,7.1368265,7.1817865,7.2277408,7.2741156,7.3203459,7.3660288,7.4108644,7.4547329,7.4976935,7.5398846,7.5816121,7.6231222,7.6646199,7.7061453,7.7476425,7.7890744,7.8303752,7.8714137,7.9121585,7.952806,7.9934711
KHM.20.2_2,90,Rôtânôkiri,BanLung,6.7319345,6.7781892,6.8244772,6.8707614,6.9168496,6.9634748,7.0110893,7.0600781,7.1107569,7.16324,7.2174349,7.2731962,7.3303914,7.3888011,7.4482722,7.5085006,7.568984,7.6291108,7.6881933,7.74543,7.800251,7.8524461,7.9022126,7.9496417,7.9946642,8.036952,8.0760031,8.1111698,8.1416512,8.1672649,8.18857,8.2069054,8.2241306
KHM.20.3_2,91,Rôtânôkiri,BarKaev,6.561347,6.5925436,6.6237535,6.6549811,6.6862278,6.7183819,6.7519822,6.7871604,6.8238482,6.8617024,6.9002323,6.9389291,6.9772701,7.0147772,7.051033,7.085701,7.11865,7.1500173,7.1803551,7.2103806,7.2407932,7.2722201,7.3052101,7.3400393,7.3767738,7.4152875,7.4553337,7.4965844,7.5385942,7.5809979,7.6235709,7.6662526,7.7090302
KHM.20.4_2,92,Rôtânôkiri,KounMom,6.5640721,6.5885935,6.6130786,6.637465,6.661653,6.6865883,6.7130442,6.7415915,6.7725883,6.806119,6.8418889,6.8793569,6.917974,6.9573159,6.9970613,7.0369768,7.0768299,7.1163874,7.1555557,7.1944747,7.2335186,7.2730393,7.3133211,7.3544869,7.3965597,7.439466,7.4830194,7.5270309,7.5713587,7.6158133,7.6602569,7.7047276,7.7491169
KHM.20.5_2,93,Rôtânôkiri,Lumphat,6.636879,6.6641574,6.6914144,6.718605,6.7456784,6.7736311,6.8032827,6.8352489,6.8699522,6.9075556,6.9479175,6.9907217,7.0355473,7.0818672,7.1290193,7.1762218,7.2226486,7.2676024,7.3105841,7.3513722,7.3899932,7.4265203,7.4611864,7.4941926,7.5257049,7.5558767,7.5848293,7.6126146,7.6392808,7.6648903,7.6896601,7.7139788,7.738184
KHM.20.6_2,94,Rôtânôkiri,OuChum,6.6343284,6.6591544,6.6839242,6.7085381,6.7328072,6.7575064,6.7832823,6.8106384,6.8399901,6.8715363,6.9052515,6.9410291,6.9787011,7.0180993,7.0589228,7.1006374,7.14258,7.184154,7.2249584,7.264874,7.30407,7.3427114,7.3809519,7.4185648,7.4550209,7.489861,7.5227499,7.5535278,7.582211,7.6090198,7.6344438,7.65909,7.6834617
KHM.20.7_2,95,Rôtânôkiri,OuYaDav,6.5768032,6.5934458,6.6102586,6.6276131,6.6457906,6.6660647,6.6894956,6.7169065,6.7488961,6.7857847,6.8275762,6.8740501,6.9248271,6.9794054,7.0371132,7.0971012,7.15839,7.2199888,7.2811756,7.3415337,7.4009104,7.4592781,7.5166955,7.5731115,7.6283116,7.6821146,7.7343717,7.7849779,7.8338666,7.8811049,7.9270239,7.9721804,8.0170641
KHM.20.8_2,96,Rôtânôkiri,TaVeaeng,6.7306123,6.7407546,6.7510138,6.7616711,6.7732053,6.7873921,6.8055739,6.8287506,6.8576055,6.8924632,6.933259,6.9796743,7.0311861,7.087101,7.1465278,7.2083712,7.2713742,7.3342433,7.3956523,7.4548202,7.5114422,7.5654578,7.6170306,7.6663499,7.7135906,7.7588959,7.8023853,7.8441792,7.8844023,7.9232078,7.9608922,7.9979391,8.0347652
KHM.20.9_2,97,Rôtânôkiri,VeunSai,6.6082768,6.6355848,6.6628647,6.6900635,6.7171159,6.7449994,6.7744603,6.8060474,6.8401155,6.8767509,6.9157357,6.9566765,6.9990783,7.0423956,7.0860267,7.1293173,7.1716461,7.2124996,7.2515802,7.2888947,7.32478,7.3596597,7.3940697,7.4284072,7.4629121,7.4976835,7.5327029,7.567884,7.6031179,7.6383166,7.6734681,7.708672,7.743896
KHM.21.10_2,98,Siemréab,SreiSnam,6.46171,6.4972224,6.532742,6.5682673,6.6037631,6.6403584,6.6789355,6.7201118,6.7643156,6.8115902,6.8615341,6.9136157,6.9672575,7.0219026,7.076983,7.1319308,7.186233,7.2397451,7.2925005,7.3447618,7.3969913,7.4497018,7.5033631,7.5582595,7.6144538,7.6718049,7.7298284,7.7880621,7.8460693,7.9035325,7.9605174,8.0172091,8.0737991
KHM.21.11_2,99,Siemréab,SvayLeu,6.8014703,6.8232446,6.8449883,6.8666611,6.888226,6.9108353,6.9353919,6.9626527,6.9932399,7.0275698,7.0658226,7.1078763,7.1533823,7.2018142,7.2524734,7.3045139,7.3570156,7.4091463,7.4602404,7.5098557,7.5578094,7.6040964,7.6487842,7.6918898,7.7334137,7.7734323,7.8120499,7.8494782,7.8858714,7.9212313,7.955627,7.989346,8.0228109
KHM.21.12_2,100,Siemréab,TonléSap,6.8454986,6.8795848,6.9136586,6.9477096,6.9817152,7.0167589,7.0537148,7.093276,7.1359015,7.1817245,7.2305031,7.2817588,7.3348284,7.3889313,7.4432135,7.4968896,7.5491395,7.5992584,7.6467452,7.6913466,7.7330737,7.7720847,7.8086791,7.8433561,7.8766842,7.9091911,7.9412966,7.9732652,8.0051937,8.0370197,8.0687189,8.1003838,8.1320333
KHM.21.13_2,101,Siemréab,Varin,6.848855,6.8771062,6.905334,6.9334898,6.9614849,6.9903197,7.0207562,7.0533814,7.0885544,7.1263351,7.1664405,7.2084928,7.2519641,7.2962208,7.340518,7.3840313,7.4258752,7.4653053,7.5017691,7.5349936,7.5649738,7.5919123,7.61621,7.6383367,7.6586795,7.6775193,7.6950336,7.7112651,7.7262058,7.7398386,7.7525597,7.7649322,7.7771831
KHM.21.1_2,102,Siemréab,AngkorChum,6.5955968,6.6287026,6.6618195,6.6949558,6.7281051,6.7621331,6.7976718,6.8353076,6.8755031,6.918561,6.9645905,7.0133948,7.0646577,7.1179252,7.1725678,7.2278299,7.2829013,7.3372369,7.3904896,7.4424634,7.4931045,7.5423279,7.5897112,7.634779,7.6772051,7.7168398,7.753726,7.7881451,7.8207927,7.8522987,7.8832307,7.9140201,7.9448028
KHM.21.2_2,103,Siemréab,AngkorThum,6.3334117,6.3763099,6.4192648,6.4623766,6.5057468,6.5502791,6.5965476,6.6449494,6.6956396,6.7484221,6.8031297,6.8595386,6.9174833,6.9767442,7.0370831,7.0982413,7.1598787,7.2217569,7.2837524,7.3459253,7.4084916,7.4716024,7.5351939,7.5990429,7.6627607,7.7260127,7.7885532,7.8501706,7.91079,7.9704752,8.0295219,8.0883074,8.1469898
KHM.21.3_2,104,Siemréab,BanteaySrei,6.7293105,6.7462955,6.7633438,6.780571,6.7981544,6.8170552,6.8379822,6.8615704,6.8884268,6.9189935,6.9535418,6.9922285,7.0349827,7.0815506,7.1315265,7.1843405,7.2392983,7.2957072,7.3529758,7.4107728,7.469008,7.527606,7.5864406,7.6453166,7.7040582,7.7625079,7.8205972,7.8782034,7.9352779,7.9917827,8.0478268,8.1035948,8.1592112
KHM.21.4_2,105,Siemréab,ChiKraeng,6.7141013,6.7397342,6.7651844,6.7901793,6.8144059,6.8385029,6.8630109,6.8883934,6.9151478,6.9435453,6.9737101,7.0057387,7.0397944,7.0761056,7.114624,7.1551065,7.1972055,7.2410784,7.286881,7.334774,7.384923,7.4373369,7.4917836,7.5477691,7.6047258,7.6619797,7.7188177,7.7745571,7.8286119,7.880661,7.9308844,7.9799318,8.0285206
KHM.21.5_2,106,Siemréab,Kralanh,6.4135547,6.4442358,6.4749489,6.5057507,6.536705,6.5688467,6.603034,6.6400332,6.68051,6.724864,6.7732449,6.8254604,6.8811316,6.9397769,7.0007706,7.063365,7.1266799,7.1899853,7.2529254,7.3154445,7.3777051,7.4398932,7.5019207,7.5637774,7.6255064,7.6871295,7.7486324,7.8099251,7.8710165,7.9318609,7.9925079,8.0530462,8.1134548
KHM.21.6_2,107,Siemréab,PrasatBakong,6.6896977,6.7292576,6.7687697,6.8081102,6.8473167,6.887506,6.9296403,6.9746084,7.0232034,7.0760145,7.1333647,7.195322,7.2619848,7.3334632,7.4096899,7.4904075,7.5751796,7.6633482,7.7540426,7.8462429,7.9387212,8.0300741,8.1188011,8.2039728,8.285058,8.3618011,8.4343767,8.5030966,8.5684404,8.6310043,8.6915054,8.7508249,8.8096991
KHM.21.7_2,108,Siemréab,Puok,7.0847912,7.1136827,7.1424942,7.1710634,7.1991467,7.2274132,7.2562742,7.2861743,7.3174467,7.3502479,7.3845434,7.4202008,7.4572988,7.496192,7.5372934,7.5810914,7.627861,7.6775589,7.7300811,7.7853293,7.8432059,7.9034829,7.9657264,8.0293179,8.0935907,8.1577826,8.2213879,8.2840338,8.3455563,8.4058599,8.4650869,8.5236549,8.5820017
KHM.21.8_2,109,Siemréab,SiemReap,7.2972174,7.3503485,7.4033895,7.4567642,7.5113335,7.5693731,7.6325917,7.7020583,7.7780228,7.8604393,7.9488244,8.0422697,8.1393728,8.2381573,8.3359318,8.430563,8.5204105,8.6043797,8.6818876,8.7528505,8.8176317,8.8767624,8.9309149,8.9807911,9.0270672,9.0703688,9.1112471,9.1502047,9.187748,9.224391,9.2605209,9.2964144,9.3322601
KHM.21.9_2,110,Siemréab,SoutrNikom,6.6143107,6.63835,6.6623898,6.6864424,6.7105203,6.735496,6.7620878,6.7909994,6.8228273,6.8579941,6.8968177,6.9394908,6.9860845,7.0366879,7.0913286,7.1499462,7.2124448,7.2786303,7.3484044,7.4217901,7.4988813,7.5796885,7.6639557,7.7514272,7.8418226,7.9347272,8.0297222,8.1263142,8.2238665,8.3220673,8.4207668,8.519887,8.6191406
KHM.22.1_2,111,StœngTrêng,Sesan,6.7917166,6.8195953,6.8474612,6.8752928,6.9030547,6.9317508,6.9621978,6.9950199,7.0306315,7.0691752,7.1104794,7.1541839,7.1998081,7.2467937,7.294476,7.3420973,7.3888779,7.4341683,7.4775457,7.5188894,7.5583649,7.5961914,7.6326694,7.6680098,7.7023335,7.7356491,7.7678967,7.7989864,7.8288631,7.8575373,7.885211,7.9123011,7.9392133
KHM.22.2_2,112,StœngTrêng,SiemBouk,6.6305609,6.6565351,6.6825356,6.7085733,6.7346621,6.7618694,6.7911024,6.8230758,6.8582497,6.8967547,6.9383535,6.9825668,7.0288033,7.0764027,7.1246004,7.1725402,7.2193441,7.2642627,7.3068342,7.3469653,7.3848491,7.4207683,7.4551177,7.4882312,7.5203829,7.551692,7.5821991,7.6119232,7.6408491,7.6689987,7.6964931,7.7235956,7.7505751
KHM.22.3_2,113,StœngTrêng,SiemPang,6.7272692,6.7421923,6.7573171,6.7731175,6.7898641,6.8087101,6.8304873,6.8557749,6.8849144,6.9179759,6.9547138,6.9947042,7.0374236,7.082303,7.1287198,7.1760221,7.2236004,7.2710013,7.3180366,7.3647809,7.4115767,7.4588971,7.5073142,7.5572367,7.6089101,7.6622238,7.7166767,7.7713776,7.8257136,7.8793101,7.9321189,7.9844246,8.0365562
KHM.22.4_2,114,StœngTrêng,StuengTraeng,6.7875552,6.8322797,6.8769298,6.921319,6.9651337,7.009048,7.0534468,7.0986156,7.1447039,7.1916442,7.23908,7.2865605,7.3335919,7.3796926,7.4243779,7.4672089,7.507874,7.5463381,7.582962,7.6182113,7.6526594,7.6868229,7.7211304,7.7555981,7.7900887,7.8243742,7.8581758,7.891335,7.9236193,7.9549499,7.9854822,8.0156107,8.0456781
KHM.22.5_2,115,StœngTrêng,ThalaBarivat,6.6004314,6.6308665,6.6610689,6.6905661,6.7188272,6.7463851,6.7738004,6.8015375,6.8301802,6.8601823,6.8917589,6.9250331,6.9600759,6.9967813,7.0348811,7.0739789,7.1135516,7.1531663,7.1924891,7.2313704,7.2698722,7.3081713,7.3466043,7.3853087,7.4242988,7.4634352,7.5023856,7.5406642,7.5779619,7.6141186,7.649271,7.6838322,7.7182164
KHM.23.1_2,116,SvayRieng,Bavet,6.837059,6.8658953,6.8948321,6.9239225,6.9531636,6.983572,7.0160475,7.0512896,7.0899444,7.1324849,7.1790223,7.2293348,7.2829237,7.3388906,7.3960528,7.4531941,7.5091128,7.5628242,7.6135974,7.660974,7.7048516,7.7453423,7.7829218,7.8181658,7.8516893,7.8841591,7.9162188,7.9482884,7.9806204,8.0133533,8.046546,8.0801678,8.1139145
KHM.23.2_2,117,SvayRieng,Chantrea,6.7707481,6.7994375,6.82797,6.8560271,6.8831239,6.9098077,6.9362879,6.962501,6.9882703,7.0132823,7.0369587,7.0587931,7.0785093,7.0961404,7.1118155,7.1258936,7.1390381,7.1524396,7.167563,7.1858268,7.2085643,7.237021,7.2723217,7.3150692,7.3653822,7.4228721,7.4863868,7.554595,7.6260939,7.6997461,7.7747431,7.8505011,7.9264898
KHM.23.3_2,118,SvayRieng,KampongRou,6.5398145,6.5866146,6.633389,6.6799898,6.7260509,6.7721634,6.818501,6.8650241,6.9114676,6.9573264,7.001802,7.044066,7.0833383,7.119,7.1505041,7.177762,7.2010345,7.2208099,7.2378621,7.2534008,7.2689276,7.2862082,7.3072338,7.3335233,7.3661995,7.4060478,7.4530306,7.5062466,7.5642905,7.6258602,7.6898136,7.7551532,7.8208995
KHM.23.4_2,119,SvayRieng,RomeasHaek,6.4175091,6.4649363,6.5123162,6.559505,6.6062255,6.6531134,6.7004981,6.7484999,6.7969804,6.8454928,6.8932576,6.9394426,6.9833732,7.0245523,7.0627079,7.0976076,7.1291618,7.1576467,7.1835222,7.2076879,7.2315116,7.2567458,7.2854614,7.3193302,7.3596826,7.4071817,7.4615645,7.5219688,7.5869703,7.6551671,7.7253494,7.7965431,7.8680186
KHM.23.5_2,120,SvayRieng,Rumduol,6.4293556,6.4482346,6.4668994,6.4851389,6.5028715,6.5213323,6.5418248,6.5654535,6.5933189,6.6262174,6.664556,6.7085729,6.758142,6.8129225,6.872323,6.9354978,7.0014844,7.0692453,7.1382799,7.2083654,7.2794838,7.351573,7.4243622,7.4974031,7.5702519,7.6424565,7.713695,7.7837787,7.8524384,7.9195275,7.9851818,8.0497389,8.11374
KHM.23.6_2,121,SvayRieng,SvayChrum,6.7912188,6.7977428,6.8038254,6.8089323,6.8127532,6.8164744,6.8212113,6.8276505,6.8365874,6.8487806,6.8650913,6.886045,6.9120684,6.9432735,6.9795041,7.020421,7.065505,7.1143675,7.1667848,7.2227683,7.2825232,7.3463569,7.4145718,7.4873729,7.5647335,7.6465702,7.7325912,7.822269,7.9146428,8.0089264,8.104434,8.200489,8.2966042
KHM.23.7_2,122,SvayRieng,SvayRieng,6.8315587,6.8217564,6.8118944,6.8018799,6.7916694,6.7826543,6.776104,6.7733154,6.7757831,6.7843924,6.7996125,6.8216372,6.8504114,6.8856554,6.9268594,6.9733644,7.0244656,7.0795407,7.1381741,7.2002153,7.2657495,7.334981,7.4081588,7.4854631,7.5668573,7.6522551,7.7414103,7.8338737,7.9288645,8.0256395,8.1234512,8.2218904,8.3204041
KHM.23.8_2,123,SvayRieng,SvayTeab,6.484736,6.5028009,6.5208149,6.5387058,6.5563817,6.5750523,6.5957832,6.6195216,6.6471939,6.6795845,6.7170978,6.7601724,6.8090825,6.8638191,6.924058,6.9891901,7.0583334,7.1304393,7.2044911,7.2796564,7.3552628,7.4306941,7.5054379,7.57897,7.6507492,7.7202382,7.787138,7.8513923,7.9132323,7.9729819,8.0311852,8.0885468,8.1456184
KHM.24.10_2,124,Takêv,Treang,6.7530923,6.7663631,6.7797375,6.7932577,6.8069353,6.821888,6.8389826,6.8589416,6.8821888,6.9086485,6.9379001,6.9693384,7.0022416,7.0360527,7.0703983,7.1051359,7.1407394,7.1778274,7.2169733,7.2587047,7.3035569,7.351965,7.4042492,7.4606524,7.5214753,7.5870194,7.6574059,7.7323589,7.811542,7.8944221,7.9802151,8.0679216,8.1564083
KHM.24.1_2,125,Takêv,AngkorBorei,6.3426404,6.3793154,6.4159403,6.4524665,6.4887486,6.5256963,6.5639791,6.6042233,6.6469054,6.6920986,6.7396574,6.7894273,6.841291,6.8951125,6.9506741,7.0076356,7.0655904,7.1240063,7.1821556,7.2392826,7.2945724,7.3476195,7.3982787,7.4465113,7.4924803,7.5362558,7.5779524,7.6177015,7.6556988,7.6920972,7.7273192,7.7620974,7.7968187
KHM.24.2_2,126,Takêv,Bati,6.4403305,6.4729972,6.5056009,6.5380611,6.5702796,6.6032419,6.6377192,6.6743774,6.7138753,6.7566004,6.8026543,6.851954,6.9042559,6.9593134,7.0168371,7.0764771,7.1378374,7.2004886,7.2639718,7.3279362,7.3921638,7.4564137,7.5203733,7.5837903,7.6465878,7.7085881,7.7698216,7.8304276,7.8906255,7.9505825,8.0105543,8.0707884,8.1313772
KHM.24.3_2,127,Takêv,BoreiCholsar,6.5106897,6.5419598,6.5733557,6.6050186,6.6370316,6.6706038,6.7067347,6.7461457,6.7891865,6.835804,6.8857989,6.9386349,6.9938183,7.0507421,7.1086831,7.1668048,7.2243686,7.2811074,7.3368306,7.3910975,7.4432817,7.4923687,7.5373316,7.5773821,7.6121259,7.6415644,7.6664877,7.6880655,7.7073946,7.7252426,7.7420154,7.7581539,7.7741041
KHM.24.4_2,128,Takêv,DounKaev,6.8181472,6.8473878,6.8765182,6.9053526,6.9336386,6.9622583,6.9919233,7.0234642,7.0575738,7.0946765,7.1348825,7.1782141,7.2246737,7.2740846,7.3261046,7.3802538,7.4361305,7.4930482,7.5504127,7.6077695,7.6647906,7.7212291,7.7769032,7.8314662,7.884429,7.935379,7.9842806,8.0312109,8.0763083,8.1197281,8.1617022,8.2027531,8.2434931
KHM.24.5_2,129,Takêv,KaohAndaet,6.1556253,6.2004852,6.2452946,6.2899423,6.3342042,6.3790359,6.4251294,6.4732361,6.5237794,6.5770702,6.6332474,6.6923418,6.7541747,6.8183608,6.8843713,6.9515042,7.0189919,7.0862966,7.1529946,7.2189631,7.2842832,7.3491559,7.413784,7.4784079,7.5431557,7.6080079,7.6728005,7.7374606,7.8018956,7.8660188,7.9298816,7.9936671,8.0574694
KHM.24.6_2,130,Takêv,KiriVong,6.4474239,6.4579115,6.4685111,6.4793749,6.4907289,6.5040193,6.5205135,6.5411835,6.5667982,6.5978518,6.6345143,6.6768522,6.7246928,6.777627,6.8349867,6.895946,6.9595699,7.0250878,7.0918465,7.1593318,7.2269835,7.294313,7.3609724,7.42665,7.4911289,7.5544052,7.6166625,7.678091,7.7387128,7.7985644,7.8580065,7.9173303,7.9766474
KHM.24.7_2,131,Takêv,PreyKabbas,6.4873748,6.5309057,6.5745459,6.6185789,6.6632771,6.7099853,6.7595305,6.8124661,6.8691292,6.9294605,6.9931359,7.0597911,7.1291032,7.2006521,7.2738543,7.3480196,7.4223566,7.4960532,7.5682602,7.6381588,7.7049012,7.7676902,7.8259754,7.8794284,7.9278693,7.97122,8.0096416,8.0435886,8.0737705,8.1010141,8.1260614,8.1498823,8.1732922
KHM.24.8_2,132,Takêv,Samraong,6.2141881,6.2392588,6.2644901,6.2900209,6.3159451,6.3432584,6.3726745,6.4047866,6.4403982,6.4803991,6.5253491,6.5752978,6.6299062,6.6888456,6.7517586,6.818244,6.888042,6.9607005,7.0360465,7.1141047,7.1949596,7.2782893,7.3632731,7.4490581,7.5347142,7.6196594,7.7035346,7.7860231,7.867023,7.946578,8.0250978,8.1030483,8.1807947
KHM.24.9_2,133,Takêv,TramKak,6.6092949,6.6443744,6.679563,6.7150421,6.7507238,6.7875519,6.8259759,6.8664227,6.9090171,6.9536419,6.9999328,7.0475693,7.0963616,7.1461134,7.196599,7.2475028,7.2984495,7.3492846,7.3997822,7.4496894,7.4986668,7.5462451,7.5918794,7.6353488,7.6767187,7.7162395,7.7543883,7.7915912,7.8282161,7.8645377,7.9007764,7.937212,7.97401
KHM.25.1_2,134,TbongKhmum,Dambae,6.3515444,6.4092197,6.4667997,6.5240746,6.5808048,6.637836,6.6956658,6.7546544,6.8149171,6.8763671,6.9385333,7.0008783,7.0627604,7.1236587,7.1830206,7.2402472,7.2947083,7.3460732,7.3943539,7.43999,7.4838262,7.5267859,7.5698137,7.6136651,7.6591249,7.7067327,7.7567053,7.8090229,7.8636174,7.9199042,7.9772801,8.035141,8.0930052
KHM.25.2_2,135,TbongKhmum,KrouchChhmar,6.5956573,6.6075869,6.6199856,6.6330976,6.64709,6.6630902,6.6819396,6.7042022,6.7301722,6.7600622,6.7936807,6.8307695,6.8712525,6.9148498,6.9609718,7.0088425,7.0578194,7.1075063,7.1576667,7.208261,7.2593369,7.31107,7.3636298,7.4170814,7.4714551,7.5265207,7.5819907,7.6377277,7.6932187,7.7480602,7.8021512,7.8558478,7.9094338
KHM.25.3_2,136,TbongKhmum,Memot,6.5165801,6.5461874,6.57586,6.6058364,6.6364799,6.6692281,6.7052965,6.7456026,6.7905574,6.8401489,6.893919,6.951262,7.0115962,7.074296,7.138638,7.2037325,7.2686653,7.3327031,7.3953848,7.4565492,7.5163093,7.5748773,7.6324286,7.6888618,7.7439456,7.7972851,7.8486371,7.8978777,7.9450502,7.9904394,8.0345716,8.0780735,8.1214581
KHM.25.4_2,137,TbongKhmum,OuReangOv,6.2939906,6.3490305,6.4039512,6.4583354,6.5118208,6.5652151,6.6191835,6.6743751,6.7312074,6.7898164,6.8500309,6.9114652,6.9737411,7.0366645,7.1001797,7.1642089,7.2286229,7.2933717,7.3583131,7.4233527,7.4884686,7.5534844,7.6179862,7.681592,7.7440281,7.8050938,7.8646984,7.9228058,7.9794869,8.0350428,8.0899506,8.144558,8.1991348
KHM.25.5_2,138,TbongKhmum,PonheaKraek,6.3426666,6.3812513,6.4198875,6.4586515,6.4975977,6.5373783,6.5783215,6.6209121,6.6655931,6.7127833,6.7628217,6.8159008,6.8721185,6.9315219,6.9940882,7.0596547,7.1280694,7.1991005,7.272469,7.3480754,7.425674,7.504777,7.584383,7.6634936,7.7416606,7.818891,7.8952827,7.970808,8.0452805,8.1185017,8.1903715,8.2611446,8.3311758
KHM.25.6_2,139,TbongKhmum,Suong,7.2558169,7.2657542,7.275867,7.2861962,7.2968693,7.3090367,7.3236437,7.3418012,7.3642349,7.3912563,7.422709,7.4581923,7.4971147,7.53859,7.5814419,7.6243196,7.6657472,7.7042575,7.7387381,7.7685246,7.7934251,7.8133345,7.8282819,7.8386936,7.8455696,7.8505659,7.8550758,7.8603363,7.8669858,7.8752317,7.8851404,7.8963895,7.9083309
KHM.25.7_2,140,TbongKhmum,TboungKhmum,7.1627865,7.1744246,7.1855688,7.1955957,7.2037826,7.2104688,7.2159033,7.220263,7.2236867,7.2263613,7.22855,7.230793,7.2340617,7.2398257,7.250145,7.2663374,7.289144,7.3188229,7.3553786,7.3986788,7.4486995,7.5053744,7.5680976,7.63587,7.7074327,7.7812362,7.8556314,7.9288545,7.9991245,8.0653954,8.1276865,8.187005,8.2452345
KHM.3.10_2,141,KâmpóngCham,StuengTrang,6.2824802,6.3161373,6.3495646,6.3824873,6.4147434,6.447351,6.4810634,6.5163112,6.5531917,6.5912452,6.6298666,6.6685991,6.7072649,6.7458982,6.7845483,6.8234096,6.8629079,6.9037714,6.9467912,6.9929104,7.0431161,7.0982933,7.1590295,7.2253809,7.2972102,7.3741655,7.4556389,7.540741,7.6281967,7.7168756,7.8059406,7.8948779,7.9836602
KHM.3.1_2,142,KâmpóngCham,Batheay,6.4004469,6.4372945,6.4741945,6.5112338,6.5485201,6.5870972,6.627811,6.6714659,6.7187843,6.770309,6.8263717,6.8870997,6.9524298,7.0218811,7.0944924,7.1688576,7.2437553,7.318253,7.3917418,7.4639406,7.5348444,7.6044946,7.6727681,7.7395616,7.8048816,7.8687816,7.9313159,7.9926438,8.0529833,8.1125832,8.1720695,8.2317638,8.2916136
KHM.3.2_2,143,KâmpóngCham,ChamkarLeu,6.9111767,6.9163604,6.9213758,6.9259434,6.9297199,6.9335942,6.9385214,6.9456677,6.9562702,6.9715939,6.9925599,7.0198078,7.0534153,7.0930982,7.1383882,7.1882811,7.241693,7.297616,7.3550406,7.4129367,7.4702945,7.52601,7.5789633,7.6284328,7.6741166,7.7162519,7.7553406,7.7919636,7.826467,7.8590894,7.8902316,7.9204779,7.9504204
KHM.3.3_2,144,KâmpóngCham,CheungPrey,6.4762425,6.5182037,6.5600123,6.6012936,6.6417532,6.6820869,6.7227993,6.7644625,6.8075166,6.8522868,6.898982,6.947753,6.9986954,7.0518436,7.1071367,7.164403,7.2234192,7.2839146,7.3456635,7.4085164,7.4724154,7.5372005,7.6024957,7.6678224,7.7328167,7.797246,7.8609085,7.9236169,7.9852262,8.0457373,8.105401,8.1646481,8.223712
KHM.3.4_2,145,KâmpóngCham,KampongCham,7.9652905,7.9988022,8.0323277,8.0658836,8.0994654,8.1340313,8.1703157,8.2089281,8.25033,8.294755,8.3421459,8.3922482,8.444664,8.4988766,8.554224,8.6098814,8.6649151,8.7184248,8.7695942,8.8177471,8.8623447,8.9028473,8.9388256,8.9698982,8.9957199,9.0159979,9.0305166,9.0392218,9.0423412,9.0404587,9.0345182,9.0259495,9.0165215
KHM.3.5_2,146,KâmpóngCham,KampongSiem,7.3495865,7.3830919,7.4165149,7.4496541,7.4822745,7.5151072,7.5487108,7.5835176,7.6198263,7.6577334,7.6970429,7.7374005,7.7783899,7.8195643,7.8604436,7.900434,7.9389186,7.9753346,8.0092859,8.0406418,8.0697746,8.0974703,8.1240978,8.1498051,8.174448,8.1980352,8.220439,8.2414141,8.2607803,8.2785549,8.2950945,8.3109055,8.3264933
KHM.3.6_2,147,KâmpóngCham,KangMeas,6.641212,6.6783528,6.7154408,6.752203,6.7881675,6.8240385,6.8602018,6.897131,6.9352188,6.974885,7.0164695,7.0602818,7.1064615,7.1549649,7.2055569,7.2577882,7.3110542,7.3648219,7.4185362,7.4718089,7.5244522,7.5762343,7.6268926,7.6761284,7.7236614,7.7693558,7.8131704,7.8552141,7.8957543,7.9352512,7.9742007,8.0130043,8.0518293
KHM.3.7_2,148,KâmpóngCham,KaohSoutin,7.1415558,7.1698251,7.19806,7.2261105,7.253756,7.2816992,7.3104444,7.3403697,7.3717132,7.4044757,7.4383879,7.473002,7.5076447,7.541553,7.5738916,7.603816,7.6305842,7.6536975,7.6730642,7.6890993,7.7027988,7.7157221,7.7295213,7.7453837,7.7640948,7.7860103,7.811265,7.8396196,7.8703303,7.9023967,7.9350605,7.9680052,8.0011301
KHM.3.8_2,149,KâmpóngCham,PreyChhor,6.2961793,6.3503547,6.4046798,6.4592924,6.5141439,6.5701771,6.6281691,6.6888447,6.7528133,6.8204184,6.8917942,6.9668331,7.0450625,7.1259251,7.2086849,7.2924104,7.3759456,7.4576912,7.5360618,7.6094398,7.6760631,7.7345157,7.7836781,7.8229742,7.8523035,7.8720431,7.8833508,7.8882751,7.8883686,7.8848567,7.8788338,7.8713474,7.8632259
KHM.3.9_2,150,KâmpóngCham,SreiSanthor,6.1967692,6.2750502,6.3532844,6.4314137,6.5091524,6.5866108,6.6633415,6.7391353,6.8135462,6.8860707,6.9562516,7.0239291,7.089169,7.1521001,7.2127995,7.2711496,7.3270426,7.3803616,7.4312081,7.4797735,7.5262642,7.5706191,7.6126337,7.6523552,7.6900229,7.7260971,7.761178,7.7957511,7.8302765,7.8650699,7.9001155,7.9353561,7.9708295
KHM.4.1_2,151,KâmpóngChhnang,Baribour,6.2018633,6.2327228,6.2636337,6.2946868,6.3259854,6.3587832,6.3941531,6.4328527,6.4754105,6.5220246,6.5724611,6.6264238,6.6836319,6.7437606,6.8063936,6.871017,6.9370337,7.0037608,7.0708117,7.1379757,7.2052326,7.2726998,7.3403263,7.407846,7.4748893,7.5411487,7.6065507,7.671298,7.7351456,7.7978811,7.8595819,7.9206204,7.9813199
KHM.4.2_2,152,KâmpóngChhnang,CholKiri,6.2629704,6.311645,6.3604002,6.4093442,6.4585395,6.5091047,6.5618324,6.6173363,6.6758513,6.7372069,6.8007278,6.8655052,6.9306941,6.9955564,7.0595384,7.1221638,7.1830645,7.2420592,7.29914,7.3545928,7.4089441,7.4628496,7.5173049,7.5732512,7.6314812,7.6923957,7.7563448,7.8234801,7.8932309,7.9645877,8.0368881,8.1095676,8.1822281
KHM.4.3_2,153,KâmpóngChhnang,KampongChhnang,6.6039753,6.6251712,6.6463737,6.6676035,6.6888838,6.7115207,6.7365642,6.7647471,6.7967315,6.8329587,6.8734679,6.918201,6.9671426,7.0201101,7.0766768,7.1361871,7.1978054,7.2610211,7.3253546,7.3904595,7.4560642,7.521812,7.5871844,7.6517701,7.7151856,7.7770452,7.8371472,7.8953791,7.9517341,8.0063744,8.0595865,8.1120052,8.164113
KHM.4.4_2,154,KâmpóngChhnang,KampongLeaeng,6.5840688,6.6275582,6.6710148,6.7143326,6.7573805,6.8011308,6.8462791,6.8934479,6.943181,6.9957538,7.0510988,7.1089616,7.1689305,7.230485,7.2929344,7.3554187,7.4169683,7.4768329,7.5344372,7.589417,7.6418014,7.6917009,7.7392068,7.7844582,7.8275695,7.8686013,7.9074068,7.9438019,7.9777045,8.0091982,8.0388575,8.0674362,8.095686
KHM.4.5_2,155,KâmpóngChhnang,KampongTralach,6.6257782,6.6593385,6.6928444,6.726429,6.7603979,6.7958264,6.8335052,6.8740792,6.918129,6.9660845,7.0180616,7.0737624,7.1325989,7.1938033,7.256362,7.3194656,7.382514,7.4449534,7.5064173,7.5667644,7.6260476,7.6843286,7.7413588,7.7967196,7.8499179,7.900486,7.9484367,7.9942007,8.038681,8.0823765,8.1257057,8.168992,8.2122955
KHM.4.6_2,156,KâmpóngChhnang,RoleaB'ier,6.8555474,6.8846698,6.9138103,6.9430041,6.9722314,7.0024323,7.0343122,7.0684576,7.1052785,7.1449175,7.1872211,7.2318578,7.2784576,7.3265996,7.3758063,7.425539,7.4751539,7.5239015,7.5712128,7.6168075,7.6606989,7.7028785,7.7433476,7.7821994,7.8197427,7.8563423,7.8922772,7.9277306,7.9628024,7.9975066,8.0317211,8.0656109,8.0992613
KHM.4.7_2,157,KâmpóngChhnang,SameakkiMeanChey,6.7653275,6.7879653,6.8105025,6.832787,6.854629,6.876749,6.8996863,6.9240255,6.9503155,6.9790211,7.0104194,7.0445828,7.0814667,7.1206803,7.1614866,7.2031097,7.244698,7.2858982,7.3264837,7.3664446,7.4059372,7.4451733,7.48453,7.5245562,7.5656519,7.6079135,7.6512756,7.6955776,7.7405343,7.785893,7.8315458,7.8774772,7.9235926
KHM.4.8_2,158,KâmpóngChhnang,TonléSap,6.5026135,6.536943,6.5711536,6.6052504,6.6391039,6.6734848,6.7088227,6.7454066,6.78337,6.8227687,6.863502,6.9054151,6.9484239,6.9924631,7.0374794,7.083199,7.1292162,7.1751494,7.2207365,7.2659259,7.3108969,7.3559518,7.401515,7.4478917,7.4952397,7.5435624,7.5927505,7.6425467,7.6926932,7.7429018,7.7929897,7.8430448,7.8931422
KHM.4.9_2,159,KâmpóngChhnang,TuekPhos,6.5749335,6.6129284,6.6509881,6.6892176,6.7276025,6.7671385,6.8085132,6.852138,6.8981519,6.9463205,6.9961791,7.0472188,7.0989313,7.1508036,7.2023988,7.2531791,7.3025661,7.3501225,7.3956594,7.4392753,7.481338,7.5223699,7.563015,7.6039495,7.645792,7.6891165,7.7342386,7.7810531,7.8293014,7.8785505,7.9284844,7.9788251,8.0293303
KHM.5.1_2,160,KâmpóngSpœ,Aoral,6.9565744,6.9785953,7.0006843,7.0228782,7.0451894,7.0687432,7.09448,7.1230478,7.1548157,7.1898079,7.2276711,7.2678857,7.3098412,7.3528624,7.3962045,7.4391026,7.4808564,7.5209327,7.559094,7.5954852,7.6306543,7.6653709,7.7005634,7.7370973,7.7755642,7.8162937,7.8592787,7.9042382,7.9506955,7.9981246,8.0461321,8.0945406,8.1431398
KHM.5.2_2,161,KâmpóngSpœ,Basedth,6.5693378,6.6064668,6.6436687,6.6810365,6.7186227,6.7573543,6.7978072,6.8405161,6.8858266,6.9338412,6.9844131,7.0372787,7.0921235,7.1485624,7.2061496,7.2643309,7.3225164,7.3801279,7.4367285,7.4920721,7.5461197,7.5987482,7.6497478,7.6988568,7.7458043,7.7904119,7.8325386,7.8722835,7.9098129,7.9457812,7.9807963,8.0154438,8.0500097
KHM.5.3_2,162,KâmpóngSpœ,ChbarMon,7.2418971,7.2527838,7.2635951,7.2742009,7.2845721,7.2958317,7.3093629,7.3269048,7.3499393,7.3794365,7.4157982,7.4590583,7.5089645,7.5650339,7.6265244,7.6924229,7.7614789,7.8324208,7.9038553,7.9745564,8.0434093,8.1092491,8.1706753,8.2260628,8.2743483,8.3150034,8.3480349,8.3740263,8.3942013,8.4096508,8.4213152,8.4303894,8.4385386
KHM.5.4_2,163,KâmpóngSpœ,KongPisei,7.0043368,7.0440245,7.0836234,7.1229291,7.1615934,7.2000933,7.2385359,7.2767339,7.3144588,7.351357,7.3869333,7.4206486,7.4519987,7.4805951,7.5061779,7.5288978,7.5492539,7.5684929,7.5887437,7.6116314,7.6384873,7.6700802,7.7067313,7.7485275,7.7954297,7.8472748,7.9035711,7.9635096,8.0256138,8.0886898,8.1519651,8.2152061,8.2783928
KHM.5.5_2,164,KâmpóngSpœ,Odongk,6.6129508,6.6419797,6.6708465,6.6993551,6.7272601,6.7552662,6.7839847,6.8138394,6.8451815,6.8782406,6.9130759,6.949614,6.9877291,7.0273623,7.0685043,7.1111999,7.1556087,7.2020016,7.2509456,7.3029823,7.3585787,7.4179435,7.4811735,7.5482888,7.6193509,7.6942935,7.7729669,7.8549585,7.9397593,8.0267982,8.1156244,8.2057819,8.2964907
KHM.5.6_2,165,KâmpóngSpœ,PhnumSruoch,6.4849424,6.5200167,6.555059,6.590095,6.6252332,6.6613111,6.6988535,6.7383533,6.7801881,6.8247242,6.8722048,6.9226913,6.9761176,7.0323014,7.0909104,7.1514053,7.2130628,7.2752118,7.337225,7.3985376,7.4586987,7.5172544,7.5737295,7.6276779,7.6786327,7.7262793,7.7704968,7.8113976,7.8494892,7.8855443,7.9202652,7.9543962,7.9883046
KHM.5.7_2,166,KâmpóngSpœ,SamraongTong,7.1913767,7.2231417,7.2546945,7.2856007,7.3152828,7.3440866,7.3720269,7.3988671,7.4240842,7.4471493,7.4674611,7.4844832,7.4980803,7.5084205,7.5160441,7.5221815,7.52877,7.5371165,7.548367,7.5636759,7.583777,7.6089644,7.6391277,7.6740379,7.7134547,7.7571487,7.8046951,7.8555069,7.9086461,7.9632063,8.0184937,8.0741034,8.1297731
KHM.5.8_2,167,KâmpóngSpœ,Thpong,6.5404649,6.577836,6.6151614,6.6523461,6.6893001,6.7270536,6.7664394,6.8081479,6.8527002,6.9003468,6.9510136,7.0044484,7.0602679,7.1179552,7.1768222,7.2360311,7.2946844,7.352087,7.4077835,7.4615798,7.5135031,7.5637155,7.6124368,7.6597738,7.7059336,7.751215,7.7957339,7.8394423,7.8824201,7.9248042,7.966804,8.0087109,8.050581
KHM.6.1_2,168,KâmpóngThum,Baray,6.7337928,6.7358685,6.7379756,6.7402987,6.7432261,6.7484317,6.7576175,6.7723575,6.7938514,6.8228197,6.8594351,6.9035697,6.9547911,7.0124002,7.0755,7.1430621,7.2139716,7.286972,7.3611569,7.4359179,7.5108781,7.5855775,7.6593776,7.7314553,7.8010159,7.8671875,7.9292717,7.9868808,8.0399885,8.0890331,8.1349726,8.1790438,8.2224751
KHM.6.2_2,169,KâmpóngThum,KampongSvay,6.2804308,6.3251228,6.3697624,6.4142914,6.4585953,6.5035415,6.5496421,6.5970731,6.645689,6.6949825,6.7443743,6.7934389,6.8420215,6.8902345,6.9384294,6.987042,7.0366216,7.0875273,7.1400952,7.194766,7.2519741,7.3119416,7.3748474,7.440649,7.5090871,7.5797329,7.6519508,7.7251043,7.7985229,7.8715415,7.943965,8.0159702,8.0877886
KHM.6.3_2,170,KâmpóngThum,PrasatBallangk,6.5499935,6.5851808,6.6203527,6.6554618,6.690413,6.7260866,6.7631168,6.8020949,6.8435507,6.8878617,6.9351907,6.9855933,7.0390639,7.0955057,7.1546941,7.2162418,7.2795992,7.3442535,7.4097538,7.475718,7.5418477,7.6078181,7.6732311,7.7376914,7.8009219,7.862824,7.9232893,7.9822927,8.0398598,8.0961428,8.1514606,8.2062788,8.2608595
KHM.6.4_2,171,KâmpóngThum,PrasatSambour,6.500844,6.5398746,6.5788603,6.6176872,6.6561384,6.6950064,6.7347517,6.7757096,6.8180342,6.8616323,6.9060802,6.950942,6.9958906,7.0406647,7.0850286,7.1288371,7.171936,7.2145162,7.2568808,7.2995944,7.3433719,7.3888898,7.4368134,7.487483,7.5409603,7.5970321,7.6553531,7.7154942,7.7770801,7.8396597,7.9028935,7.9664602,8.0300655
KHM.6.5_2,172,KâmpóngThum,Sandan,6.3077836,6.3434782,6.3791828,6.4148946,6.4506183,6.4873981,6.5260329,6.5671415,6.6111336,6.6582127,6.7082195,6.7606955,6.8153281,6.8720307,6.9305072,6.9902177,7.0504208,7.1102939,7.1692371,7.2269149,7.2831969,7.3382058,7.3922877,7.4457412,7.4987969,7.5515909,7.6041727,7.6564732,7.7083235,7.7596102,7.8103905,7.860889,7.9112968
KHM.6.6_2,173,KâmpóngThum,Santuk,6.166142,6.2125645,6.2592492,6.3066745,6.3553133,6.4064775,6.4607825,6.5187402,6.5802469,6.6449285,6.7119799,6.7805581,6.8497982,6.9188304,6.9868283,7.0530477,7.1167541,7.1776438,7.235641,7.2909327,7.3439245,7.3953142,7.4458871,7.4963036,7.5469632,7.5981908,7.6501226,7.7026749,7.7556224,7.8086977,7.8618259,7.915132,7.9685521
KHM.6.7_2,174,KâmpóngThum,Stoung,6.3041387,6.3498468,6.3955326,6.4411063,6.4865742,6.5331125,6.5817323,6.6333437,6.688405,6.7468243,6.8079729,6.8709655,6.9350371,6.9995179,7.0637722,7.1270947,7.1888776,7.2487264,7.3064628,7.362155,7.4161096,7.4687819,7.5207796,7.5729003,7.6259031,7.6803627,7.7365632,7.7946553,7.8547287,7.9164233,7.9791965,8.042655,8.1063099
KHM.6.8_2,175,KâmpóngThum,StuengSaen,6.7188158,6.7377424,6.7565556,6.7751598,6.7934895,6.8127837,6.8342652,6.8591352,6.8885903,6.9234056,6.9639835,7.0103321,7.0619731,7.1179414,7.1767559,7.2369246,7.2969913,7.3554363,7.4110408,7.4634242,7.5130816,7.5602608,7.6048827,7.6468754,7.6863232,7.7232962,7.7578216,7.7898264,7.8193645,7.8468542,7.8731685,7.8990765,7.92484
KHM.6.9_2,176,KâmpóngThum,TonléSap,6.5777397,6.5997424,6.6216459,6.6432686,6.6644549,6.686141,6.7091451,6.7341671,6.7618008,6.7924848,6.8264022,6.8634648,6.9034038,6.9457941,6.990098,7.035706,7.0820017,7.1285195,7.1747217,7.220428,7.2657919,7.3112111,7.3573112,7.4045424,7.4532113,7.503377,7.5549045,7.6073895,7.6604409,7.7136998,7.7669253,7.8201718,7.8734803
KHM.7.1_2,177,Kâmpôt,AngkorChey,6.6706009,6.6732783,6.6762004,6.6795516,6.6835394,6.6895561,6.6988778,6.7124734,6.7311711,6.7555308,6.7857771,6.8220716,6.8645167,6.9131589,6.967762,7.0278258,7.0926356,7.1613493,7.2332215,7.3077545,7.3845735,7.4633002,7.5434294,7.6242981,7.7053876,7.786181,7.8660045,7.9439316,8.0191755,8.091342,8.1608057,8.2285385,8.2954884
KHM.7.2_2,178,Kâmpôt,BanteayMeas,6.5166264,6.5508127,6.5850129,6.6192517,6.6534481,6.6885757,6.7254615,6.764679,6.8065257,6.8509464,6.8974609,6.9454274,6.9942331,7.0433369,7.0922785,7.1406221,7.1880264,7.2343149,7.2794194,7.3234816,7.3668437,7.4095922,7.4514627,7.4921503,7.5314026,7.5688386,7.6041307,7.637177,7.6684589,7.6983962,7.7272687,7.7554793,7.7834353
KHM.7.3_2,179,Kâmpôt,Chhuk,6.4630122,6.4960408,6.5289664,6.5616751,6.5940185,6.626977,6.6613202,6.6975861,6.7360039,6.7766418,6.8192792,6.8637404,6.9097977,6.9574256,7.0065727,7.0568342,7.1078038,7.1591311,7.2108421,7.2631574,7.3163085,7.3704076,7.4253578,7.4808598,7.5366278,7.5923414,7.6476922,7.7023792,7.7561574,7.8089747,7.8610082,7.9126186,7.9640064
KHM.7.4_2,180,Kâmpôt,ChumKiri,6.5679169,6.5991077,6.6303267,6.6615419,6.6926465,6.7246709,6.7583766,6.7943878,6.8331089,6.8746424,6.9187245,6.9650836,7.0132923,7.0628843,7.1133304,7.1640439,7.2144465,7.2642117,7.3132882,7.3619556,7.4107661,7.4603829,7.5114074,7.5643554,7.6195302,7.6769538,7.7364893,7.7978969,7.8609428,7.9254107,7.9911251,8.0579138,8.1251249
KHM.7.5_2,181,Kâmpôt,DangTong,6.4018111,6.4426889,6.4835591,6.5243726,6.5650411,6.6065884,6.6497459,6.6949463,6.7423806,6.791914,6.8429317,6.8947563,6.946795,6.9987578,7.050436,7.1018019,7.1528649,7.2035322,7.2538285,7.3037481,7.3532648,7.4022818,7.4505501,7.4981227,7.545073,7.5914688,7.6374917,7.6831121,7.7283254,7.7729802,7.8171673,7.8610601,7.9049053
KHM.7.6_2,182,Kâmpôt,KampongTrach,6.5803766,6.6054974,6.6305695,6.6555037,6.6801901,6.7056499,6.7327085,6.7619557,6.7939248,6.828896,6.8667645,6.9073777,6.9506693,6.9965353,7.0448723,7.0954118,7.1477785,7.201673,7.256803,7.3128734,7.3694897,7.4260478,7.4815593,7.5352945,7.5868893,7.6361489,7.6831307,7.7280073,7.7711821,7.8128667,7.8535805,7.8937802,7.933672
KHM.7.7_2,183,Kâmpôt,Kampot,6.8399982,6.8633404,6.886724,6.9102426,6.9340458,6.9594831,6.9878078,7.0198951,7.0565643,7.0984454,7.1456299,7.1978412,7.2544866,7.3146958,7.3774672,7.4417863,7.5066404,7.5708532,7.6333566,7.6932459,7.7499447,7.8030472,7.8522682,7.8974624,7.9385691,7.975791,8.0094862,8.0402346,8.0688152,8.0959005,8.1221552,8.1481619,8.1741924
KHM.7.8_2,184,Kâmpôt,TuekChhou,6.6487064,6.6850219,6.721386,6.7578745,6.7945609,6.8326788,6.8732409,6.9170413,6.9643793,7.0149078,7.0679803,7.122838,7.1787953,7.2352309,7.2915621,7.3472595,7.4018774,7.4549475,7.506268,7.5559635,7.6045132,7.6523666,7.6998,7.7469316,7.7938523,7.8406382,7.8872113,7.9333653,7.978961,8.024188,8.0692034,8.1142101,8.1591835
KHM.8.10_2,185,Kândal,S'ang,7.0961189,7.1078277,7.1196408,7.1318102,7.1447864,7.160172,7.1795645,7.2040715,7.2341948,7.270205,7.3121018,7.3595772,7.4120789,7.4685206,7.5279002,7.589056,7.6506853,7.7118096,7.7716389,7.8299441,7.887032,7.9433646,7.9993401,8.0552397,8.1112108,8.1673355,8.2234993,8.2793884,8.3347588,8.3892794,8.4428587,8.4957972,8.5485001
KHM.8.11_2,186,Kândal,TaKhmau,8.1502457,8.1829748,8.2157059,8.2484293,8.2811069,8.3146763,8.3498478,8.3871908,8.4271212,8.4698162,8.5151625,8.5628662,8.6125107,8.6635885,8.7154789,8.7674398,8.8186731,8.8684654,8.9162674,8.9617529,9.0048265,9.0454941,9.0838881,9.1202106,9.1547117,9.1875257,9.2187223,9.2483606,9.276576,9.303628,9.3298311,9.3555965,9.381217
KHM.8.1_2,187,Kândal,AngkSnuol,6.6124253,6.6655712,6.7188883,6.7726202,6.8271823,6.883996,6.9443164,7.0092826,7.0798759,7.1567125,7.2400894,7.330122,7.4267035,7.5293627,7.6372328,7.7488737,7.8620863,7.974226,8.0830688,8.1867218,8.2839499,8.3739481,8.4562063,8.5306091,8.5973377,8.6567841,8.7096663,8.7570114,8.8002024,8.8403826,8.8785257,8.9156103,8.9523373
KHM.8.2_2,188,Kândal,KandalStueng,6.8777976,6.9398751,7.0018377,7.0636392,7.1253572,7.1881375,7.2530012,7.3207703,7.392148,7.4675612,7.5470271,7.6301703,7.7161937,7.8042016,7.8930812,7.9814959,8.0679712,8.1511259,8.229928,8.3036804,8.371953,8.4344091,8.4909801,8.541707,8.5867052,8.6264906,8.6618414,8.6938334,8.7234917,8.7516298,8.7789431,8.8058748,8.8326502
KHM.8.3_2,189,Kândal,KaohThum,6.4988494,6.5359597,6.5728106,6.6095314,6.646234,6.6843491,6.7252874,6.7700586,6.8193312,6.8733974,6.9320927,6.9951348,7.0619717,7.13204,7.20472,7.2793183,7.3551121,7.4311371,7.5064054,7.5801024,7.6517076,7.7206793,7.7864532,7.8485732,7.9066172,7.9601626,8.0090895,8.0538206,8.0949163,8.1331682,8.1692591,8.2040749,8.2384233
KHM.8.4_2,190,Kândal,KhsachKandal,7.3391595,7.3527842,7.3663974,7.3800106,7.3935699,7.4080091,7.4240913,7.4426222,7.4647026,7.4910393,7.5219331,7.5573931,7.5972285,7.6411152,7.6885266,7.7389522,7.7919517,7.8476477,7.9060769,7.9672432,8.0310926,8.0973768,8.1656332,8.2352896,8.305584,8.3754997,8.4442339,8.5112143,8.5761614,8.6391592,8.7005901,8.7611113,8.8212051
KHM.8.5_2,191,Kândal,KienSvay,6.8367953,6.929285,7.0214467,7.1124744,7.2012258,7.2874451,7.3704634,7.4498439,7.5255351,7.5976477,7.6663103,7.7317553,7.7943139,7.8544173,7.9124365,7.9685707,8.0228891,8.0754395,8.1263371,8.1755447,8.2229013,8.2680721,8.3105907,8.3499136,8.3856335,8.4174833,8.4453163,8.4689198,8.4881659,8.5032768,8.5148726,8.5241604,8.5327406
KHM.8.6_2,192,Kândal,LeukDaek,6.6247807,6.6569557,6.6892204,6.7216344,6.754221,6.7881546,6.8244777,6.864099,6.9074717,6.954679,7.0055017,7.0596495,7.1169715,7.1773705,7.2403979,7.3055878,7.3724017,7.4401455,7.5080023,7.5750608,7.6402345,7.7019677,7.7592654,7.811697,7.8592644,7.9023361,7.9415135,7.9774895,8.0111303,8.0430965,8.0740128,8.1045275,8.134943
KHM.8.7_2,193,Kândal,LveaAem,7.7936544,7.8242784,7.8549156,7.8855867,7.9163027,7.9480515,7.9816222,8.0177069,8.0568886,8.0995626,8.1457996,8.1954403,8.248148,8.3035431,8.3611679,8.4204693,8.480855,8.541707,8.6025438,8.6630573,8.7230864,8.7824535,8.8409081,8.8980246,8.9531212,9.0057735,9.055768,9.1031027,9.1480188,9.1909666,9.2324963,9.2732582,9.3137436
KHM.8.8_2,194,Kândal,MukhKampul,6.4319606,6.4589224,6.4861426,6.5141625,6.5437908,6.576674,6.6140108,6.6567459,6.7055473,6.7606707,6.8219247,6.8887463,6.9602103,7.0354934,7.1137867,7.1942163,7.275836,7.3577313,7.4389238,7.5187182,7.5966258,7.6721659,7.7447858,7.8139677,7.8792644,7.9404759,7.9976468,8.0510435,8.1011648,8.1485538,8.1939278,8.2381401,8.2819223
KHM.8.9_2,195,Kândal,PonheaLueu,6.8158417,6.8504081,6.8848476,6.9189186,6.9524317,6.9863405,7.0213604,7.0580387,7.0968528,7.1381354,7.1819301,7.2281823,7.2768092,7.3276572,7.380559,7.4351039,7.4907174,7.5468192,7.6028161,7.6581597,7.7123318,7.7648802,7.8154035,7.8636804,7.9095669,7.9529862,7.9938598,8.0321388,8.0680666,8.1019411,8.1343021,8.1658192,8.1970701
KHM.9.1_2,196,KaôhKong,BotumSakor,6.7207985,6.7477016,6.7746301,6.801609,6.8286777,6.8569517,6.8874002,6.9208331,6.9578972,6.9989543,7.0440331,7.0929484,7.1453605,7.2008042,7.2586455,7.3180857,7.3782878,7.4385147,7.4981418,7.5568237,7.6143999,7.6707664,7.7258058,7.7794385,7.8315945,7.8821974,7.9311585,7.9784951,8.0243225,8.0687885,8.1122141,8.1550322,8.1976395
KHM.9.2_2,197,KaôhKong,KaohKong,6.6147904,6.6534333,6.6921062,6.7308402,6.7696552,6.8095798,6.8514023,6.8956118,6.9423652,6.9913902,7.0422425,7.0944037,7.1473279,7.2004619,7.2532091,7.3049269,7.3549833,7.4028788,7.4483356,7.491365,7.5322423,7.5713081,7.6089849,7.6455951,7.681354,7.7163558,7.7506514,7.7842302,7.8170352,7.8490677,7.8804364,7.9114056,7.9422441
KHM.9.3_2,198,KaôhKong,KhemaraPhoumin,6.3922138,6.4303451,6.4684377,6.5061107,6.5427833,6.578681,6.6139927,6.6486101,6.6822605,6.7146759,6.7458234,6.7759838,6.8057246,6.8358045,6.8672061,6.9007368,6.9371409,6.9774828,7.0225267,7.0727444,7.1284137,7.1893849,7.2552223,7.325294,7.3988676,7.4751058,7.5532951,7.6329365,7.7136235,7.7951126,7.8772149,7.9598417,8.0426941
KHM.9.4_2,199,KaôhKong,KiriSakor,6.6476679,6.6751285,6.7025862,6.7300358,6.7574687,6.7859206,6.8162498,6.8491096,6.8849468,6.9239774,6.9661407,7.0112262,7.0589356,7.1089258,7.1607881,7.2140322,7.2681494,7.3227382,7.3775373,7.4324794,7.4876781,7.5432711,7.59938,7.656045,7.7132039,7.7706599,7.8280559,7.8850584,7.9413724,7.9967885,8.0513906,8.1055155,8.1594515
KHM.9.5_2,200,KaôhKong,MondolSeima,6.280735,6.3122787,6.3441133,6.376224,6.408587,6.4421239,6.4778624,6.5167327,6.5596976,6.6075215,6.6601768,6.7171535,6.7777114,6.8410735,6.9063864,6.9728723,7.039856,7.1066985,7.1728497,7.237793,7.3012986,7.3633575,7.4240918,7.4836607,7.5421658,7.5997038,7.6562538,7.7116489,7.7655859,7.8179417,7.8689427,7.9190531,7.968771
KHM.9.6_2,201,KaôhKong,SraeAmbel,6.5192642,6.5473213,6.5752997,6.6030278,6.6303468,6.6583142,6.6878176,6.719564,6.7540784,6.7916751,6.8324594,6.8765526,6.9240303,6.9749379,7.0291333,7.0862966,7.1460228,7.2080379,7.2720962,7.3380499,7.4058867,7.4756122,7.5472188,7.620523,7.6950488,7.7703609,7.845933,7.9210911,7.9952674,8.0681896,8.139945,8.2109661,8.2816601
KHM.9.7_2,202,KaôhKong,ThmaBang,6.7862396,6.814425,6.8426027,6.8707576,6.8988647,6.9279394,6.9588127,6.9921217,7.028307,7.0675383,7.1096721,7.1543741,7.2011852,7.2495608,7.2988343,7.3482289,7.3969264,7.4442153,7.4895811,7.5328126,7.5740142,7.6133728,7.6511812,7.6876516,7.7229118,7.7570205,7.7899666,7.8217206,7.8522978,7.8817425,7.9102435,7.9381952,7.9659677
